jahr;bezirk;kanton;typ;anzahl
1991;Bucheggberg;SO;Anhänger;497
1991;Bucheggberg;SO;Gewerbe FZ;0
1991;Bucheggberg;SO;Klein-Motorräder;0
1991;Bucheggberg;SO;Landw. FZ Ind. Trak.;367
1991;Bucheggberg;SO;Leichte Motorwagen;5951
1991;Bucheggberg;SO;Motorräder;596
1991;Bucheggberg;SO;Schwere Motorwagen;0
1991;Dorneck;SO;Anhänger;996
1991;Dorneck;SO;Gewerbe FZ;0
1991;Dorneck;SO;Klein-Motorräder;0
1991;Dorneck;SO;Landw. FZ Ind. Trak.;420
1991;Dorneck;SO;Leichte Motorwagen;13116
1991;Dorneck;SO;Motorräder;1804
1991;Dorneck;SO;Schwere Motorwagen;0
1991;Gäu;SO;Anhänger;1827
1991;Gäu;SO;Gewerbe FZ;30
1991;Gäu;SO;Klein-Motorräder;0
1991;Gäu;SO;Landw. FZ Ind. Trak.;143
1991;Gäu;SO;Leichte Motorwagen;17109
1991;Gäu;SO;Motorräder;1249
1991;Gäu;SO;Schwere Motorwagen;550
1991;Gösgen;SO;Anhänger;968
1991;Gösgen;SO;Gewerbe FZ;0
1991;Gösgen;SO;Klein-Motorräder;0
1991;Gösgen;SO;Landw. FZ Ind. Trak.;202
1991;Gösgen;SO;Leichte Motorwagen;15168
1991;Gösgen;SO;Motorräder;1888
1991;Gösgen;SO;Schwere Motorwagen;0
1991;Lebern;SO;Anhänger;1667
1991;Lebern;SO;Gewerbe FZ;0
1991;Lebern;SO;Klein-Motorräder;0
1991;Lebern;SO;Landw. FZ Ind. Trak.;326
1991;Lebern;SO;Leichte Motorwagen;30380
1991;Lebern;SO;Motorräder;3111
1991;Lebern;SO;Schwere Motorwagen;0
1991;Olten;SO;Anhänger;2292
1991;Olten;SO;Gewerbe FZ;128
1991;Olten;SO;Klein-Motorräder;0
1991;Olten;SO;Landw. FZ Ind. Trak.;228
1991;Olten;SO;Leichte Motorwagen;34507
1991;Olten;SO;Motorräder;3759
1991;Olten;SO;Schwere Motorwagen;576
1991;Solothurn;SO;Anhänger;226
1991;Solothurn;SO;Gewerbe FZ;0
1991;Solothurn;SO;Klein-Motorräder;0
1991;Solothurn;SO;Landw. FZ Ind. Trak.;0
1991;Solothurn;SO;Leichte Motorwagen;9944
1991;Solothurn;SO;Motorräder;549
1991;Solothurn;SO;Schwere Motorwagen;0
1991;Thal;SO;Anhänger;1117
1991;Thal;SO;Gewerbe FZ;0
1991;Thal;SO;Klein-Motorräder;0
1991;Thal;SO;Landw. FZ Ind. Trak.;531
1991;Thal;SO;Leichte Motorwagen;10397
1991;Thal;SO;Motorräder;824
1991;Thal;SO;Schwere Motorwagen;0
1991;Thierstein;SO;Anhänger;1174
1991;Thierstein;SO;Gewerbe FZ;0
1991;Thierstein;SO;Klein-Motorräder;0
1991;Thierstein;SO;Landw. FZ Ind. Trak.;362
1991;Thierstein;SO;Leichte Motorwagen;10509
1991;Thierstein;SO;Motorräder;1377
1991;Thierstein;SO;Schwere Motorwagen;0
1991;Wasseramt;SO;Anhänger;2320
1991;Wasseramt;SO;Gewerbe FZ;59
1991;Wasseramt;SO;Klein-Motorräder;0
1991;Wasseramt;SO;Landw. FZ Ind. Trak.;428
1991;Wasseramt;SO;Leichte Motorwagen;35506
1991;Wasseramt;SO;Motorräder;3779
1991;Wasseramt;SO;Schwere Motorwagen;0
1992;Bucheggberg;SO;Anhänger;496
1992;Bucheggberg;SO;Gewerbe FZ;2
1992;Bucheggberg;SO;Klein-Motorräder;0
1992;Bucheggberg;SO;Landw. FZ Ind. Trak.;367
1992;Bucheggberg;SO;Leichte Motorwagen;5954
1992;Bucheggberg;SO;Motorräder;600
1992;Bucheggberg;SO;Schwere Motorwagen;1
1992;Dorneck;SO;Anhänger;996
1992;Dorneck;SO;Gewerbe FZ;2
1992;Dorneck;SO;Klein-Motorräder;0
1992;Dorneck;SO;Landw. FZ Ind. Trak.;424
1992;Dorneck;SO;Leichte Motorwagen;13120
1992;Dorneck;SO;Motorräder;1803
1992;Dorneck;SO;Schwere Motorwagen;0
1992;Gäu;SO;Anhänger;1823
1992;Gäu;SO;Gewerbe FZ;34
1992;Gäu;SO;Klein-Motorräder;2
1992;Gäu;SO;Landw. FZ Ind. Trak.;147
1992;Gäu;SO;Leichte Motorwagen;17110
1992;Gäu;SO;Motorräder;1251
1992;Gäu;SO;Schwere Motorwagen;550
1992;Gösgen;SO;Anhänger;972
1992;Gösgen;SO;Gewerbe FZ;5
1992;Gösgen;SO;Klein-Motorräder;2
1992;Gösgen;SO;Landw. FZ Ind. Trak.;202
1992;Gösgen;SO;Leichte Motorwagen;15168
1992;Gösgen;SO;Motorräder;1892
1992;Gösgen;SO;Schwere Motorwagen;5
1992;Lebern;SO;Anhänger;1670
1992;Lebern;SO;Gewerbe FZ;0
1992;Lebern;SO;Klein-Motorräder;3
1992;Lebern;SO;Landw. FZ Ind. Trak.;326
1992;Lebern;SO;Leichte Motorwagen;30381
1992;Lebern;SO;Motorräder;3113
1992;Lebern;SO;Schwere Motorwagen;0
1992;Olten;SO;Anhänger;2293
1992;Olten;SO;Gewerbe FZ;131
1992;Olten;SO;Klein-Motorräder;3
1992;Olten;SO;Landw. FZ Ind. Trak.;228
1992;Olten;SO;Leichte Motorwagen;34512
1992;Olten;SO;Motorräder;3760
1992;Olten;SO;Schwere Motorwagen;578
1992;Solothurn;SO;Anhänger;230
1992;Solothurn;SO;Gewerbe FZ;1
1992;Solothurn;SO;Klein-Motorräder;5
1992;Solothurn;SO;Landw. FZ Ind. Trak.;1
1992;Solothurn;SO;Leichte Motorwagen;9945
1992;Solothurn;SO;Motorräder;551
1992;Solothurn;SO;Schwere Motorwagen;0
1992;Thal;SO;Anhänger;1119
1992;Thal;SO;Gewerbe FZ;1
1992;Thal;SO;Klein-Motorräder;2
1992;Thal;SO;Landw. FZ Ind. Trak.;532
1992;Thal;SO;Leichte Motorwagen;10401
1992;Thal;SO;Motorräder;825
1992;Thal;SO;Schwere Motorwagen;5
1992;Thierstein;SO;Anhänger;1179
1992;Thierstein;SO;Gewerbe FZ;0
1992;Thierstein;SO;Klein-Motorräder;3
1992;Thierstein;SO;Landw. FZ Ind. Trak.;363
1992;Thierstein;SO;Leichte Motorwagen;10511
1992;Thierstein;SO;Motorräder;1376
1992;Thierstein;SO;Schwere Motorwagen;5
1992;Wasseramt;SO;Anhänger;2315
1992;Wasseramt;SO;Gewerbe FZ;59
1992;Wasseramt;SO;Klein-Motorräder;0
1992;Wasseramt;SO;Landw. FZ Ind. Trak.;433
1992;Wasseramt;SO;Leichte Motorwagen;35506
1992;Wasseramt;SO;Motorräder;3784
1992;Wasseramt;SO;Schwere Motorwagen;5
1993;Bucheggberg;SO;Anhänger;497
1993;Bucheggberg;SO;Gewerbe FZ;7
1993;Bucheggberg;SO;Klein-Motorräder;2
1993;Bucheggberg;SO;Landw. FZ Ind. Trak.;370
1993;Bucheggberg;SO;Leichte Motorwagen;5954
1993;Bucheggberg;SO;Motorräder;605
1993;Bucheggberg;SO;Schwere Motorwagen;2
1993;Dorneck;SO;Anhänger;996
1993;Dorneck;SO;Gewerbe FZ;4
1993;Dorneck;SO;Klein-Motorräder;3
1993;Dorneck;SO;Landw. FZ Ind. Trak.;423
1993;Dorneck;SO;Leichte Motorwagen;13119
1993;Dorneck;SO;Motorräder;1803
1993;Dorneck;SO;Schwere Motorwagen;3
1993;Gäu;SO;Anhänger;1826
1993;Gäu;SO;Gewerbe FZ;33
1993;Gäu;SO;Klein-Motorräder;7
1993;Gäu;SO;Landw. FZ Ind. Trak.;151
1993;Gäu;SO;Leichte Motorwagen;17115
1993;Gäu;SO;Motorräder;1247
1993;Gäu;SO;Schwere Motorwagen;554
1993;Gösgen;SO;Anhänger;975
1993;Gösgen;SO;Gewerbe FZ;9
1993;Gösgen;SO;Klein-Motorräder;2
1993;Gösgen;SO;Landw. FZ Ind. Trak.;206
1993;Gösgen;SO;Leichte Motorwagen;15169
1993;Gösgen;SO;Motorräder;1894
1993;Gösgen;SO;Schwere Motorwagen;9
1993;Lebern;SO;Anhänger;1666
1993;Lebern;SO;Gewerbe FZ;4
1993;Lebern;SO;Klein-Motorräder;2
1993;Lebern;SO;Landw. FZ Ind. Trak.;329
1993;Lebern;SO;Leichte Motorwagen;30381
1993;Lebern;SO;Motorräder;3115
1993;Lebern;SO;Schwere Motorwagen;2
1993;Olten;SO;Anhänger;2295
1993;Olten;SO;Gewerbe FZ;134
1993;Olten;SO;Klein-Motorräder;8
1993;Olten;SO;Landw. FZ Ind. Trak.;224
1993;Olten;SO;Leichte Motorwagen;34514
1993;Olten;SO;Motorräder;3756
1993;Olten;SO;Schwere Motorwagen;577
1993;Solothurn;SO;Anhänger;230
1993;Solothurn;SO;Gewerbe FZ;6
1993;Solothurn;SO;Klein-Motorräder;6
1993;Solothurn;SO;Landw. FZ Ind. Trak.;5
1993;Solothurn;SO;Leichte Motorwagen;9941
1993;Solothurn;SO;Motorräder;553
1993;Solothurn;SO;Schwere Motorwagen;3
1993;Thal;SO;Anhänger;1122
1993;Thal;SO;Gewerbe FZ;5
1993;Thal;SO;Klein-Motorräder;3
1993;Thal;SO;Landw. FZ Ind. Trak.;533
1993;Thal;SO;Leichte Motorwagen;10406
1993;Thal;SO;Motorräder;826
1993;Thal;SO;Schwere Motorwagen;7
1993;Thierstein;SO;Anhänger;1184
1993;Thierstein;SO;Gewerbe FZ;4
1993;Thierstein;SO;Klein-Motorräder;3
1993;Thierstein;SO;Landw. FZ Ind. Trak.;364
1993;Thierstein;SO;Leichte Motorwagen;10513
1993;Thierstein;SO;Motorräder;1376
1993;Thierstein;SO;Schwere Motorwagen;8
1993;Wasseramt;SO;Anhänger;2318
1993;Wasseramt;SO;Gewerbe FZ;64
1993;Wasseramt;SO;Klein-Motorräder;4
1993;Wasseramt;SO;Landw. FZ Ind. Trak.;435
1993;Wasseramt;SO;Leichte Motorwagen;35506
1993;Wasseramt;SO;Motorräder;3782
1993;Wasseramt;SO;Schwere Motorwagen;8
1994;Bucheggberg;SO;Anhänger;502
1994;Bucheggberg;SO;Gewerbe FZ;12
1994;Bucheggberg;SO;Klein-Motorräder;0
1994;Bucheggberg;SO;Landw. FZ Ind. Trak.;370
1994;Bucheggberg;SO;Leichte Motorwagen;5959
1994;Bucheggberg;SO;Motorräder;607
1994;Bucheggberg;SO;Schwere Motorwagen;5
1994;Dorneck;SO;Anhänger;997
1994;Dorneck;SO;Gewerbe FZ;7
1994;Dorneck;SO;Klein-Motorräder;8
1994;Dorneck;SO;Landw. FZ Ind. Trak.;423
1994;Dorneck;SO;Leichte Motorwagen;13121
1994;Dorneck;SO;Motorräder;1803
1994;Dorneck;SO;Schwere Motorwagen;3
1994;Gäu;SO;Anhänger;1826
1994;Gäu;SO;Gewerbe FZ;31
1994;Gäu;SO;Klein-Motorräder;10
1994;Gäu;SO;Landw. FZ Ind. Trak.;156
1994;Gäu;SO;Leichte Motorwagen;17115
1994;Gäu;SO;Motorräder;1245
1994;Gäu;SO;Schwere Motorwagen;554
1994;Gösgen;SO;Anhänger;977
1994;Gösgen;SO;Gewerbe FZ;7
1994;Gösgen;SO;Klein-Motorräder;4
1994;Gösgen;SO;Landw. FZ Ind. Trak.;211
1994;Gösgen;SO;Leichte Motorwagen;15172
1994;Gösgen;SO;Motorräder;1897
1994;Gösgen;SO;Schwere Motorwagen;12
1994;Lebern;SO;Anhänger;1668
1994;Lebern;SO;Gewerbe FZ;8
1994;Lebern;SO;Klein-Motorräder;2
1994;Lebern;SO;Landw. FZ Ind. Trak.;329
1994;Lebern;SO;Leichte Motorwagen;30383
1994;Lebern;SO;Motorräder;3112
1994;Lebern;SO;Schwere Motorwagen;6
1994;Olten;SO;Anhänger;2299
1994;Olten;SO;Gewerbe FZ;139
1994;Olten;SO;Klein-Motorräder;13
1994;Olten;SO;Landw. FZ Ind. Trak.;226
1994;Olten;SO;Leichte Motorwagen;34519
1994;Olten;SO;Motorräder;3756
1994;Olten;SO;Schwere Motorwagen;579
1994;Solothurn;SO;Anhänger;230
1994;Solothurn;SO;Gewerbe FZ;10
1994;Solothurn;SO;Klein-Motorräder;6
1994;Solothurn;SO;Landw. FZ Ind. Trak.;6
1994;Solothurn;SO;Leichte Motorwagen;9937
1994;Solothurn;SO;Motorräder;555
1994;Solothurn;SO;Schwere Motorwagen;0
1994;Thal;SO;Anhänger;1122
1994;Thal;SO;Gewerbe FZ;5
1994;Thal;SO;Klein-Motorräder;8
1994;Thal;SO;Landw. FZ Ind. Trak.;528
1994;Thal;SO;Leichte Motorwagen;10409
1994;Thal;SO;Motorräder;831
1994;Thal;SO;Schwere Motorwagen;11
1994;Thierstein;SO;Anhänger;1187
1994;Thierstein;SO;Gewerbe FZ;5
1994;Thierstein;SO;Klein-Motorräder;4
1994;Thierstein;SO;Landw. FZ Ind. Trak.;359
1994;Thierstein;SO;Leichte Motorwagen;10516
1994;Thierstein;SO;Motorräder;1378
1994;Thierstein;SO;Schwere Motorwagen;8
1994;Wasseramt;SO;Anhänger;2323
1994;Wasseramt;SO;Gewerbe FZ;68
1994;Wasseramt;SO;Klein-Motorräder;4
1994;Wasseramt;SO;Landw. FZ Ind. Trak.;435
1994;Wasseramt;SO;Leichte Motorwagen;35504
1994;Wasseramt;SO;Motorräder;3781
1994;Wasseramt;SO;Schwere Motorwagen;13
1995;Bucheggberg;SO;Anhänger;507
1995;Bucheggberg;SO;Gewerbe FZ;15
1995;Bucheggberg;SO;Klein-Motorräder;4
1995;Bucheggberg;SO;Landw. FZ Ind. Trak.;367
1995;Bucheggberg;SO;Leichte Motorwagen;5962
1995;Bucheggberg;SO;Motorräder;610
1995;Bucheggberg;SO;Schwere Motorwagen;10
1995;Dorneck;SO;Anhänger;1000
1995;Dorneck;SO;Gewerbe FZ;8
1995;Dorneck;SO;Klein-Motorräder;3
1995;Dorneck;SO;Landw. FZ Ind. Trak.;423
1995;Dorneck;SO;Leichte Motorwagen;13126
1995;Dorneck;SO;Motorräder;1799
1995;Dorneck;SO;Schwere Motorwagen;4
1995;Gäu;SO;Anhänger;1826
1995;Gäu;SO;Gewerbe FZ;31
1995;Gäu;SO;Klein-Motorräder;13
1995;Gäu;SO;Landw. FZ Ind. Trak.;156
1995;Gäu;SO;Leichte Motorwagen;17116
1995;Gäu;SO;Motorräder;1246
1995;Gäu;SO;Schwere Motorwagen;557
1995;Gösgen;SO;Anhänger;978
1995;Gösgen;SO;Gewerbe FZ;4
1995;Gösgen;SO;Klein-Motorräder;7
1995;Gösgen;SO;Landw. FZ Ind. Trak.;213
1995;Gösgen;SO;Leichte Motorwagen;15175
1995;Gösgen;SO;Motorräder;1898
1995;Gösgen;SO;Schwere Motorwagen;13
1995;Lebern;SO;Anhänger;1669
1995;Lebern;SO;Gewerbe FZ;6
1995;Lebern;SO;Klein-Motorräder;4
1995;Lebern;SO;Landw. FZ Ind. Trak.;333
1995;Lebern;SO;Leichte Motorwagen;30383
1995;Lebern;SO;Motorräder;3112
1995;Lebern;SO;Schwere Motorwagen;11
1995;Olten;SO;Anhänger;2300
1995;Olten;SO;Gewerbe FZ;143
1995;Olten;SO;Klein-Motorräder;14
1995;Olten;SO;Landw. FZ Ind. Trak.;229
1995;Olten;SO;Leichte Motorwagen;34520
1995;Olten;SO;Motorräder;3754
1995;Olten;SO;Schwere Motorwagen;580
1995;Solothurn;SO;Anhänger;234
1995;Solothurn;SO;Gewerbe FZ;10
1995;Solothurn;SO;Klein-Motorräder;8
1995;Solothurn;SO;Landw. FZ Ind. Trak.;9
1995;Solothurn;SO;Leichte Motorwagen;9942
1995;Solothurn;SO;Motorräder;552
1995;Solothurn;SO;Schwere Motorwagen;0
1995;Thal;SO;Anhänger;1126
1995;Thal;SO;Gewerbe FZ;0
1995;Thal;SO;Klein-Motorräder;12
1995;Thal;SO;Landw. FZ Ind. Trak.;530
1995;Thal;SO;Leichte Motorwagen;10409
1995;Thal;SO;Motorräder;834
1995;Thal;SO;Schwere Motorwagen;8
1995;Thierstein;SO;Anhänger;1187
1995;Thierstein;SO;Gewerbe FZ;8
1995;Thierstein;SO;Klein-Motorräder;5
1995;Thierstein;SO;Landw. FZ Ind. Trak.;362
1995;Thierstein;SO;Leichte Motorwagen;10521
1995;Thierstein;SO;Motorräder;1379
1995;Thierstein;SO;Schwere Motorwagen;11
1995;Wasseramt;SO;Anhänger;2323
1995;Wasseramt;SO;Gewerbe FZ;73
1995;Wasseramt;SO;Klein-Motorräder;8
1995;Wasseramt;SO;Landw. FZ Ind. Trak.;440
1995;Wasseramt;SO;Leichte Motorwagen;35507
1995;Wasseramt;SO;Motorräder;3781
1995;Wasseramt;SO;Schwere Motorwagen;18
1996;Bucheggberg;SO;Anhänger;506
1996;Bucheggberg;SO;Gewerbe FZ;19
1996;Bucheggberg;SO;Klein-Motorräder;4
1996;Bucheggberg;SO;Landw. FZ Ind. Trak.;367
1996;Bucheggberg;SO;Leichte Motorwagen;5964
1996;Bucheggberg;SO;Motorräder;610
1996;Bucheggberg;SO;Schwere Motorwagen;10
1996;Dorneck;SO;Anhänger;1002
1996;Dorneck;SO;Gewerbe FZ;10
1996;Dorneck;SO;Klein-Motorräder;7
1996;Dorneck;SO;Landw. FZ Ind. Trak.;423
1996;Dorneck;SO;Leichte Motorwagen;13127
1996;Dorneck;SO;Motorräder;1800
1996;Dorneck;SO;Schwere Motorwagen;2
1996;Gäu;SO;Anhänger;1831
1996;Gäu;SO;Gewerbe FZ;31
1996;Gäu;SO;Klein-Motorräder;16
1996;Gäu;SO;Landw. FZ Ind. Trak.;159
1996;Gäu;SO;Leichte Motorwagen;17116
1996;Gäu;SO;Motorräder;1251
1996;Gäu;SO;Schwere Motorwagen;557
1996;Gösgen;SO;Anhänger;981
1996;Gösgen;SO;Gewerbe FZ;8
1996;Gösgen;SO;Klein-Motorräder;8
1996;Gösgen;SO;Landw. FZ Ind. Trak.;216
1996;Gösgen;SO;Leichte Motorwagen;15177
1996;Gösgen;SO;Motorräder;1903
1996;Gösgen;SO;Schwere Motorwagen;12
1996;Lebern;SO;Anhänger;1669
1996;Lebern;SO;Gewerbe FZ;6
1996;Lebern;SO;Klein-Motorräder;9
1996;Lebern;SO;Landw. FZ Ind. Trak.;328
1996;Lebern;SO;Leichte Motorwagen;30384
1996;Lebern;SO;Motorräder;3117
1996;Lebern;SO;Schwere Motorwagen;15
1996;Olten;SO;Anhänger;2305
1996;Olten;SO;Gewerbe FZ;148
1996;Olten;SO;Klein-Motorräder;15
1996;Olten;SO;Landw. FZ Ind. Trak.;230
1996;Olten;SO;Leichte Motorwagen;34523
1996;Olten;SO;Motorräder;3759
1996;Olten;SO;Schwere Motorwagen;575
1996;Solothurn;SO;Anhänger;239
1996;Solothurn;SO;Gewerbe FZ;12
1996;Solothurn;SO;Klein-Motorräder;5
1996;Solothurn;SO;Landw. FZ Ind. Trak.;13
1996;Solothurn;SO;Leichte Motorwagen;9946
1996;Solothurn;SO;Motorräder;555
1996;Solothurn;SO;Schwere Motorwagen;0
1996;Thal;SO;Anhänger;1126
1996;Thal;SO;Gewerbe FZ;0
1996;Thal;SO;Klein-Motorräder;16
1996;Thal;SO;Landw. FZ Ind. Trak.;534
1996;Thal;SO;Leichte Motorwagen;10410
1996;Thal;SO;Motorräder;837
1996;Thal;SO;Schwere Motorwagen;10
1996;Thierstein;SO;Anhänger;1192
1996;Thierstein;SO;Gewerbe FZ;7
1996;Thierstein;SO;Klein-Motorräder;7
1996;Thierstein;SO;Landw. FZ Ind. Trak.;363
1996;Thierstein;SO;Leichte Motorwagen;10524
1996;Thierstein;SO;Motorräder;1384
1996;Thierstein;SO;Schwere Motorwagen;12
1996;Wasseramt;SO;Anhänger;2323
1996;Wasseramt;SO;Gewerbe FZ;75
1996;Wasseramt;SO;Klein-Motorräder;8
1996;Wasseramt;SO;Landw. FZ Ind. Trak.;444
1996;Wasseramt;SO;Leichte Motorwagen;35505
1996;Wasseramt;SO;Motorräder;3781
1996;Wasseramt;SO;Schwere Motorwagen;18
1997;Bucheggberg;SO;Anhänger;511
1997;Bucheggberg;SO;Gewerbe FZ;20
1997;Bucheggberg;SO;Klein-Motorräder;7
1997;Bucheggberg;SO;Landw. FZ Ind. Trak.;371
1997;Bucheggberg;SO;Leichte Motorwagen;5966
1997;Bucheggberg;SO;Motorräder;612
1997;Bucheggberg;SO;Schwere Motorwagen;11
1997;Dorneck;SO;Anhänger;1002
1997;Dorneck;SO;Gewerbe FZ;10
1997;Dorneck;SO;Klein-Motorräder;4
1997;Dorneck;SO;Landw. FZ Ind. Trak.;427
1997;Dorneck;SO;Leichte Motorwagen;13131
1997;Dorneck;SO;Motorräder;1795
1997;Dorneck;SO;Schwere Motorwagen;5
1997;Gäu;SO;Anhänger;1833
1997;Gäu;SO;Gewerbe FZ;35
1997;Gäu;SO;Klein-Motorräder;16
1997;Gäu;SO;Landw. FZ Ind. Trak.;163
1997;Gäu;SO;Leichte Motorwagen;17121
1997;Gäu;SO;Motorräder;1254
1997;Gäu;SO;Schwere Motorwagen;561
1997;Gösgen;SO;Anhänger;986
1997;Gösgen;SO;Gewerbe FZ;13
1997;Gösgen;SO;Klein-Motorräder;11
1997;Gösgen;SO;Landw. FZ Ind. Trak.;218
1997;Gösgen;SO;Leichte Motorwagen;15180
1997;Gösgen;SO;Motorräder;1906
1997;Gösgen;SO;Schwere Motorwagen;12
1997;Lebern;SO;Anhänger;1670
1997;Lebern;SO;Gewerbe FZ;7
1997;Lebern;SO;Klein-Motorräder;14
1997;Lebern;SO;Landw. FZ Ind. Trak.;332
1997;Lebern;SO;Leichte Motorwagen;30381
1997;Lebern;SO;Motorräder;3120
1997;Lebern;SO;Schwere Motorwagen;19
1997;Olten;SO;Anhänger;2305
1997;Olten;SO;Gewerbe FZ;151
1997;Olten;SO;Klein-Motorräder;20
1997;Olten;SO;Landw. FZ Ind. Trak.;232
1997;Olten;SO;Leichte Motorwagen;34520
1997;Olten;SO;Motorräder;3762
1997;Olten;SO;Schwere Motorwagen;579
1997;Solothurn;SO;Anhänger;244
1997;Solothurn;SO;Gewerbe FZ;10
1997;Solothurn;SO;Klein-Motorräder;6
1997;Solothurn;SO;Landw. FZ Ind. Trak.;15
1997;Solothurn;SO;Leichte Motorwagen;9949
1997;Solothurn;SO;Motorräder;557
1997;Solothurn;SO;Schwere Motorwagen;3
1997;Thal;SO;Anhänger;1130
1997;Thal;SO;Gewerbe FZ;2
1997;Thal;SO;Klein-Motorräder;20
1997;Thal;SO;Landw. FZ Ind. Trak.;533
1997;Thal;SO;Leichte Motorwagen;10413
1997;Thal;SO;Motorräder;839
1997;Thal;SO;Schwere Motorwagen;15
1997;Thierstein;SO;Anhänger;1196
1997;Thierstein;SO;Gewerbe FZ;10
1997;Thierstein;SO;Klein-Motorräder;7
1997;Thierstein;SO;Landw. FZ Ind. Trak.;365
1997;Thierstein;SO;Leichte Motorwagen;10527
1997;Thierstein;SO;Motorräder;1384
1997;Thierstein;SO;Schwere Motorwagen;16
1997;Wasseramt;SO;Anhänger;2324
1997;Wasseramt;SO;Gewerbe FZ;79
1997;Wasseramt;SO;Klein-Motorräder;9
1997;Wasseramt;SO;Landw. FZ Ind. Trak.;443
1997;Wasseramt;SO;Leichte Motorwagen;35507
1997;Wasseramt;SO;Motorräder;3782
1997;Wasseramt;SO;Schwere Motorwagen;19
1998;Bucheggberg;SO;Anhänger;511
1998;Bucheggberg;SO;Gewerbe FZ;20
1998;Bucheggberg;SO;Klein-Motorräder;4
1998;Bucheggberg;SO;Landw. FZ Ind. Trak.;372
1998;Bucheggberg;SO;Leichte Motorwagen;5969
1998;Bucheggberg;SO;Motorräder;616
1998;Bucheggberg;SO;Schwere Motorwagen;16
1998;Dorneck;SO;Anhänger;1003
1998;Dorneck;SO;Gewerbe FZ;9
1998;Dorneck;SO;Klein-Motorräder;0
1998;Dorneck;SO;Landw. FZ Ind. Trak.;431
1998;Dorneck;SO;Leichte Motorwagen;13134
1998;Dorneck;SO;Motorräder;1798
1998;Dorneck;SO;Schwere Motorwagen;6
1998;Gäu;SO;Anhänger;1837
1998;Gäu;SO;Gewerbe FZ;36
1998;Gäu;SO;Klein-Motorräder;13
1998;Gäu;SO;Landw. FZ Ind. Trak.;165
1998;Gäu;SO;Leichte Motorwagen;17125
1998;Gäu;SO;Motorräder;1259
1998;Gäu;SO;Schwere Motorwagen;563
1998;Gösgen;SO;Anhänger;989
1998;Gösgen;SO;Gewerbe FZ;17
1998;Gösgen;SO;Klein-Motorräder;13
1998;Gösgen;SO;Landw. FZ Ind. Trak.;220
1998;Gösgen;SO;Leichte Motorwagen;15184
1998;Gösgen;SO;Motorräder;1910
1998;Gösgen;SO;Schwere Motorwagen;14
1998;Lebern;SO;Anhänger;1673
1998;Lebern;SO;Gewerbe FZ;11
1998;Lebern;SO;Klein-Motorräder;17
1998;Lebern;SO;Landw. FZ Ind. Trak.;333
1998;Lebern;SO;Leichte Motorwagen;30386
1998;Lebern;SO;Motorräder;3125
1998;Lebern;SO;Schwere Motorwagen;16
1998;Olten;SO;Anhänger;2301
1998;Olten;SO;Gewerbe FZ;154
1998;Olten;SO;Klein-Motorräder;21
1998;Olten;SO;Landw. FZ Ind. Trak.;234
1998;Olten;SO;Leichte Motorwagen;34525
1998;Olten;SO;Motorräder;3762
1998;Olten;SO;Schwere Motorwagen;580
1998;Solothurn;SO;Anhänger;245
1998;Solothurn;SO;Gewerbe FZ;10
1998;Solothurn;SO;Klein-Motorräder;10
1998;Solothurn;SO;Landw. FZ Ind. Trak.;19
1998;Solothurn;SO;Leichte Motorwagen;9950
1998;Solothurn;SO;Motorräder;558
1998;Solothurn;SO;Schwere Motorwagen;7
1998;Thal;SO;Anhänger;1131
1998;Thal;SO;Gewerbe FZ;3
1998;Thal;SO;Klein-Motorräder;17
1998;Thal;SO;Landw. FZ Ind. Trak.;537
1998;Thal;SO;Leichte Motorwagen;10411
1998;Thal;SO;Motorräder;844
1998;Thal;SO;Schwere Motorwagen;15
1998;Thierstein;SO;Anhänger;1201
1998;Thierstein;SO;Gewerbe FZ;14
1998;Thierstein;SO;Klein-Motorräder;11
1998;Thierstein;SO;Landw. FZ Ind. Trak.;365
1998;Thierstein;SO;Leichte Motorwagen;10527
1998;Thierstein;SO;Motorräder;1384
1998;Thierstein;SO;Schwere Motorwagen;17
1998;Wasseramt;SO;Anhänger;2325
1998;Wasseramt;SO;Gewerbe FZ;74
1998;Wasseramt;SO;Klein-Motorräder;11
1998;Wasseramt;SO;Landw. FZ Ind. Trak.;445
1998;Wasseramt;SO;Leichte Motorwagen;35509
1998;Wasseramt;SO;Motorräder;3787
1998;Wasseramt;SO;Schwere Motorwagen;21
1999;Bucheggberg;SO;Anhänger;516
1999;Bucheggberg;SO;Gewerbe FZ;25
1999;Bucheggberg;SO;Klein-Motorräder;1
1999;Bucheggberg;SO;Landw. FZ Ind. Trak.;377
1999;Bucheggberg;SO;Leichte Motorwagen;5973
1999;Bucheggberg;SO;Motorräder;620
1999;Bucheggberg;SO;Schwere Motorwagen;19
1999;Dorneck;SO;Anhänger;1005
1999;Dorneck;SO;Gewerbe FZ;12
1999;Dorneck;SO;Klein-Motorräder;5
1999;Dorneck;SO;Landw. FZ Ind. Trak.;433
1999;Dorneck;SO;Leichte Motorwagen;13137
1999;Dorneck;SO;Motorräder;1803
1999;Dorneck;SO;Schwere Motorwagen;10
1999;Gäu;SO;Anhänger;1839
1999;Gäu;SO;Gewerbe FZ;31
1999;Gäu;SO;Klein-Motorräder;18
1999;Gäu;SO;Landw. FZ Ind. Trak.;168
1999;Gäu;SO;Leichte Motorwagen;17126
1999;Gäu;SO;Motorräder;1259
1999;Gäu;SO;Schwere Motorwagen;564
1999;Gösgen;SO;Anhänger;990
1999;Gösgen;SO;Gewerbe FZ;17
1999;Gösgen;SO;Klein-Motorräder;13
1999;Gösgen;SO;Landw. FZ Ind. Trak.;221
1999;Gösgen;SO;Leichte Motorwagen;15188
1999;Gösgen;SO;Motorräder;1913
1999;Gösgen;SO;Schwere Motorwagen;13
1999;Lebern;SO;Anhänger;1673
1999;Lebern;SO;Gewerbe FZ;9
1999;Lebern;SO;Klein-Motorräder;21
1999;Lebern;SO;Landw. FZ Ind. Trak.;328
1999;Lebern;SO;Leichte Motorwagen;30386
1999;Lebern;SO;Motorräder;3130
1999;Lebern;SO;Schwere Motorwagen;16
1999;Olten;SO;Anhänger;2303
1999;Olten;SO;Gewerbe FZ;154
1999;Olten;SO;Klein-Motorräder;23
1999;Olten;SO;Landw. FZ Ind. Trak.;232
1999;Olten;SO;Leichte Motorwagen;34529
1999;Olten;SO;Motorräder;3762
1999;Olten;SO;Schwere Motorwagen;581
1999;Solothurn;SO;Anhänger;245
1999;Solothurn;SO;Gewerbe FZ;10
1999;Solothurn;SO;Klein-Motorräder;9
1999;Solothurn;SO;Landw. FZ Ind. Trak.;20
1999;Solothurn;SO;Leichte Motorwagen;9951
1999;Solothurn;SO;Motorräder;557
1999;Solothurn;SO;Schwere Motorwagen;12
1999;Thal;SO;Anhänger;1126
1999;Thal;SO;Gewerbe FZ;8
1999;Thal;SO;Klein-Motorräder;22
1999;Thal;SO;Landw. FZ Ind. Trak.;541
1999;Thal;SO;Leichte Motorwagen;10414
1999;Thal;SO;Motorräder;846
1999;Thal;SO;Schwere Motorwagen;19
1999;Thierstein;SO;Anhänger;1205
1999;Thierstein;SO;Gewerbe FZ;19
1999;Thierstein;SO;Klein-Motorräder;12
1999;Thierstein;SO;Landw. FZ Ind. Trak.;369
1999;Thierstein;SO;Leichte Motorwagen;10530
1999;Thierstein;SO;Motorräder;1385
1999;Thierstein;SO;Schwere Motorwagen;16
1999;Wasseramt;SO;Anhänger;2325
1999;Wasseramt;SO;Gewerbe FZ;76
1999;Wasseramt;SO;Klein-Motorräder;13
1999;Wasseramt;SO;Landw. FZ Ind. Trak.;450
1999;Wasseramt;SO;Leichte Motorwagen;35513
1999;Wasseramt;SO;Motorräder;3790
1999;Wasseramt;SO;Schwere Motorwagen;17
2000;Bucheggberg;SO;Anhänger;521
2000;Bucheggberg;SO;Gewerbe FZ;30
2000;Bucheggberg;SO;Klein-Motorräder;0
2000;Bucheggberg;SO;Landw. FZ Ind. Trak.;380
2000;Bucheggberg;SO;Leichte Motorwagen;5974
2000;Bucheggberg;SO;Motorräder;624
2000;Bucheggberg;SO;Schwere Motorwagen;22
2000;Dorneck;SO;Anhänger;1005
2000;Dorneck;SO;Gewerbe FZ;8
2000;Dorneck;SO;Klein-Motorräder;6
2000;Dorneck;SO;Landw. FZ Ind. Trak.;434
2000;Dorneck;SO;Leichte Motorwagen;13138
2000;Dorneck;SO;Motorräder;1802
2000;Dorneck;SO;Schwere Motorwagen;15
2000;Gäu;SO;Anhänger;1835
2000;Gäu;SO;Gewerbe FZ;33
2000;Gäu;SO;Klein-Motorräder;22
2000;Gäu;SO;Landw. FZ Ind. Trak.;173
2000;Gäu;SO;Leichte Motorwagen;17127
2000;Gäu;SO;Motorräder;1260
2000;Gäu;SO;Schwere Motorwagen;568
2000;Gösgen;SO;Anhänger;995
2000;Gösgen;SO;Gewerbe FZ;17
2000;Gösgen;SO;Klein-Motorräder;8
2000;Gösgen;SO;Landw. FZ Ind. Trak.;225
2000;Gösgen;SO;Leichte Motorwagen;15193
2000;Gösgen;SO;Motorräder;1916
2000;Gösgen;SO;Schwere Motorwagen;15
2000;Lebern;SO;Anhänger;1678
2000;Lebern;SO;Gewerbe FZ;13
2000;Lebern;SO;Klein-Motorräder;26
2000;Lebern;SO;Landw. FZ Ind. Trak.;329
2000;Lebern;SO;Leichte Motorwagen;30386
2000;Lebern;SO;Motorräder;3134
2000;Lebern;SO;Schwere Motorwagen;16
2000;Olten;SO;Anhänger;2306
2000;Olten;SO;Gewerbe FZ;158
2000;Olten;SO;Klein-Motorräder;28
2000;Olten;SO;Landw. FZ Ind. Trak.;236
2000;Olten;SO;Leichte Motorwagen;34534
2000;Olten;SO;Motorräder;3758
2000;Olten;SO;Schwere Motorwagen;584
2000;Solothurn;SO;Anhänger;250
2000;Solothurn;SO;Gewerbe FZ;10
2000;Solothurn;SO;Klein-Motorräder;6
2000;Solothurn;SO;Landw. FZ Ind. Trak.;22
2000;Solothurn;SO;Leichte Motorwagen;9953
2000;Solothurn;SO;Motorräder;562
2000;Solothurn;SO;Schwere Motorwagen;14
2000;Thal;SO;Anhänger;1131
2000;Thal;SO;Gewerbe FZ;10
2000;Thal;SO;Klein-Motorräder;24
2000;Thal;SO;Landw. FZ Ind. Trak.;542
2000;Thal;SO;Leichte Motorwagen;10415
2000;Thal;SO;Motorräder;849
2000;Thal;SO;Schwere Motorwagen;22
2000;Thierstein;SO;Anhänger;1208
2000;Thierstein;SO;Gewerbe FZ;20
2000;Thierstein;SO;Klein-Motorräder;16
2000;Thierstein;SO;Landw. FZ Ind. Trak.;374
2000;Thierstein;SO;Leichte Motorwagen;10529
2000;Thierstein;SO;Motorräder;1387
2000;Thierstein;SO;Schwere Motorwagen;19
2000;Wasseramt;SO;Anhänger;2325
2000;Wasseramt;SO;Gewerbe FZ;78
2000;Wasseramt;SO;Klein-Motorräder;13
2000;Wasseramt;SO;Landw. FZ Ind. Trak.;454
2000;Wasseramt;SO;Leichte Motorwagen;35517
2000;Wasseramt;SO;Motorräder;3793
2000;Wasseramt;SO;Schwere Motorwagen;17
2001;Bucheggberg;SO;Anhänger;522
2001;Bucheggberg;SO;Gewerbe FZ;33
2001;Bucheggberg;SO;Klein-Motorräder;0
2001;Bucheggberg;SO;Landw. FZ Ind. Trak.;383
2001;Bucheggberg;SO;Leichte Motorwagen;5978
2001;Bucheggberg;SO;Motorräder;627
2001;Bucheggberg;SO;Schwere Motorwagen;17
2001;Dorneck;SO;Anhänger;1010
2001;Dorneck;SO;Gewerbe FZ;11
2001;Dorneck;SO;Klein-Motorräder;4
2001;Dorneck;SO;Landw. FZ Ind. Trak.;438
2001;Dorneck;SO;Leichte Motorwagen;13141
2001;Dorneck;SO;Motorräder;1805
2001;Dorneck;SO;Schwere Motorwagen;15
2001;Gäu;SO;Anhänger;1837
2001;Gäu;SO;Gewerbe FZ;34
2001;Gäu;SO;Klein-Motorräder;24
2001;Gäu;SO;Landw. FZ Ind. Trak.;177
2001;Gäu;SO;Leichte Motorwagen;17128
2001;Gäu;SO;Motorräder;1262
2001;Gäu;SO;Schwere Motorwagen;570
2001;Gösgen;SO;Anhänger;995
2001;Gösgen;SO;Gewerbe FZ;21
2001;Gösgen;SO;Klein-Motorräder;10
2001;Gösgen;SO;Landw. FZ Ind. Trak.;225
2001;Gösgen;SO;Leichte Motorwagen;15191
2001;Gösgen;SO;Motorräder;1915
2001;Gösgen;SO;Schwere Motorwagen;19
2001;Lebern;SO;Anhänger;1679
2001;Lebern;SO;Gewerbe FZ;16
2001;Lebern;SO;Klein-Motorräder;26
2001;Lebern;SO;Landw. FZ Ind. Trak.;333
2001;Lebern;SO;Leichte Motorwagen;30391
2001;Lebern;SO;Motorräder;3134
2001;Lebern;SO;Schwere Motorwagen;17
2001;Olten;SO;Anhänger;2302
2001;Olten;SO;Gewerbe FZ;161
2001;Olten;SO;Klein-Motorräder;29
2001;Olten;SO;Landw. FZ Ind. Trak.;238
2001;Olten;SO;Leichte Motorwagen;34534
2001;Olten;SO;Motorräder;3763
2001;Olten;SO;Schwere Motorwagen;584
2001;Solothurn;SO;Anhänger;253
2001;Solothurn;SO;Gewerbe FZ;10
2001;Solothurn;SO;Klein-Motorräder;6
2001;Solothurn;SO;Landw. FZ Ind. Trak.;22
2001;Solothurn;SO;Leichte Motorwagen;9949
2001;Solothurn;SO;Motorräder;562
2001;Solothurn;SO;Schwere Motorwagen;18
2001;Thal;SO;Anhänger;1135
2001;Thal;SO;Gewerbe FZ;10
2001;Thal;SO;Klein-Motorräder;26
2001;Thal;SO;Landw. FZ Ind. Trak.;543
2001;Thal;SO;Leichte Motorwagen;10417
2001;Thal;SO;Motorräder;850
2001;Thal;SO;Schwere Motorwagen;26
2001;Thierstein;SO;Anhänger;1210
2001;Thierstein;SO;Gewerbe FZ;21
2001;Thierstein;SO;Klein-Motorräder;18
2001;Thierstein;SO;Landw. FZ Ind. Trak.;375
2001;Thierstein;SO;Leichte Motorwagen;10532
2001;Thierstein;SO;Motorräder;1392
2001;Thierstein;SO;Schwere Motorwagen;23
2001;Wasseramt;SO;Anhänger;2328
2001;Wasseramt;SO;Gewerbe FZ;80
2001;Wasseramt;SO;Klein-Motorräder;15
2001;Wasseramt;SO;Landw. FZ Ind. Trak.;455
2001;Wasseramt;SO;Leichte Motorwagen;35520
2001;Wasseramt;SO;Motorräder;3796
2001;Wasseramt;SO;Schwere Motorwagen;20
2002;Bucheggberg;SO;Anhänger;523
2002;Bucheggberg;SO;Gewerbe FZ;34
2002;Bucheggberg;SO;Klein-Motorräder;0
2002;Bucheggberg;SO;Landw. FZ Ind. Trak.;386
2002;Bucheggberg;SO;Leichte Motorwagen;5983
2002;Bucheggberg;SO;Motorräder;632
2002;Bucheggberg;SO;Schwere Motorwagen;19
2002;Dorneck;SO;Anhänger;1015
2002;Dorneck;SO;Gewerbe FZ;11
2002;Dorneck;SO;Klein-Motorräder;4
2002;Dorneck;SO;Landw. FZ Ind. Trak.;442
2002;Dorneck;SO;Leichte Motorwagen;13146
2002;Dorneck;SO;Motorräder;1802
2002;Dorneck;SO;Schwere Motorwagen;17
2002;Gäu;SO;Anhänger;1839
2002;Gäu;SO;Gewerbe FZ;35
2002;Gäu;SO;Klein-Motorräder;26
2002;Gäu;SO;Landw. FZ Ind. Trak.;179
2002;Gäu;SO;Leichte Motorwagen;17127
2002;Gäu;SO;Motorräder;1265
2002;Gäu;SO;Schwere Motorwagen;569
2002;Gösgen;SO;Anhänger;996
2002;Gösgen;SO;Gewerbe FZ;16
2002;Gösgen;SO;Klein-Motorräder;9
2002;Gösgen;SO;Landw. FZ Ind. Trak.;227
2002;Gösgen;SO;Leichte Motorwagen;15194
2002;Gösgen;SO;Motorräder;1918
2002;Gösgen;SO;Schwere Motorwagen;24
2002;Lebern;SO;Anhänger;1674
2002;Lebern;SO;Gewerbe FZ;17
2002;Lebern;SO;Klein-Motorräder;28
2002;Lebern;SO;Landw. FZ Ind. Trak.;335
2002;Lebern;SO;Leichte Motorwagen;30393
2002;Lebern;SO;Motorräder;3138
2002;Lebern;SO;Schwere Motorwagen;20
2002;Olten;SO;Anhänger;2305
2002;Olten;SO;Gewerbe FZ;161
2002;Olten;SO;Klein-Motorräder;32
2002;Olten;SO;Landw. FZ Ind. Trak.;243
2002;Olten;SO;Leichte Motorwagen;34534
2002;Olten;SO;Motorräder;3760
2002;Olten;SO;Schwere Motorwagen;588
2002;Solothurn;SO;Anhänger;257
2002;Solothurn;SO;Gewerbe FZ;11
2002;Solothurn;SO;Klein-Motorräder;6
2002;Solothurn;SO;Landw. FZ Ind. Trak.;22
2002;Solothurn;SO;Leichte Motorwagen;9952
2002;Solothurn;SO;Motorräder;564
2002;Solothurn;SO;Schwere Motorwagen;18
2002;Thal;SO;Anhänger;1139
2002;Thal;SO;Gewerbe FZ;13
2002;Thal;SO;Klein-Motorräder;26
2002;Thal;SO;Landw. FZ Ind. Trak.;543
2002;Thal;SO;Leichte Motorwagen;10421
2002;Thal;SO;Motorräder;850
2002;Thal;SO;Schwere Motorwagen;29
2002;Thierstein;SO;Anhänger;1214
2002;Thierstein;SO;Gewerbe FZ;21
2002;Thierstein;SO;Klein-Motorräder;22
2002;Thierstein;SO;Landw. FZ Ind. Trak.;379
2002;Thierstein;SO;Leichte Motorwagen;10537
2002;Thierstein;SO;Motorräder;1393
2002;Thierstein;SO;Schwere Motorwagen;28
2002;Wasseramt;SO;Anhänger;2332
2002;Wasseramt;SO;Gewerbe FZ;84
2002;Wasseramt;SO;Klein-Motorräder;19
2002;Wasseramt;SO;Landw. FZ Ind. Trak.;455
2002;Wasseramt;SO;Leichte Motorwagen;35519
2002;Wasseramt;SO;Motorräder;3800
2002;Wasseramt;SO;Schwere Motorwagen;24
2003;Bucheggberg;SO;Anhänger;524
2003;Bucheggberg;SO;Gewerbe FZ;34
2003;Bucheggberg;SO;Klein-Motorräder;2
2003;Bucheggberg;SO;Landw. FZ Ind. Trak.;387
2003;Bucheggberg;SO;Leichte Motorwagen;5983
2003;Bucheggberg;SO;Motorräder;635
2003;Bucheggberg;SO;Schwere Motorwagen;22
2003;Dorneck;SO;Anhänger;1020
2003;Dorneck;SO;Gewerbe FZ;16
2003;Dorneck;SO;Klein-Motorräder;4
2003;Dorneck;SO;Landw. FZ Ind. Trak.;443
2003;Dorneck;SO;Leichte Motorwagen;13149
2003;Dorneck;SO;Motorräder;1802
2003;Dorneck;SO;Schwere Motorwagen;17
2003;Gäu;SO;Anhänger;1844
2003;Gäu;SO;Gewerbe FZ;34
2003;Gäu;SO;Klein-Motorräder;29
2003;Gäu;SO;Landw. FZ Ind. Trak.;184
2003;Gäu;SO;Leichte Motorwagen;17124
2003;Gäu;SO;Motorräder;1265
2003;Gäu;SO;Schwere Motorwagen;574
2003;Gösgen;SO;Anhänger;1000
2003;Gösgen;SO;Gewerbe FZ;16
2003;Gösgen;SO;Klein-Motorräder;9
2003;Gösgen;SO;Landw. FZ Ind. Trak.;230
2003;Gösgen;SO;Leichte Motorwagen;15197
2003;Gösgen;SO;Motorräder;1918
2003;Gösgen;SO;Schwere Motorwagen;28
2003;Lebern;SO;Anhänger;1675
2003;Lebern;SO;Gewerbe FZ;18
2003;Lebern;SO;Klein-Motorräder;28
2003;Lebern;SO;Landw. FZ Ind. Trak.;336
2003;Lebern;SO;Leichte Motorwagen;30398
2003;Lebern;SO;Motorräder;3143
2003;Lebern;SO;Schwere Motorwagen;20
2003;Olten;SO;Anhänger;2308
2003;Olten;SO;Gewerbe FZ;161
2003;Olten;SO;Klein-Motorräder;37
2003;Olten;SO;Landw. FZ Ind. Trak.;243
2003;Olten;SO;Leichte Motorwagen;34534
2003;Olten;SO;Motorräder;3760
2003;Olten;SO;Schwere Motorwagen;589
2003;Solothurn;SO;Anhänger;258
2003;Solothurn;SO;Gewerbe FZ;15
2003;Solothurn;SO;Klein-Motorräder;6
2003;Solothurn;SO;Landw. FZ Ind. Trak.;25
2003;Solothurn;SO;Leichte Motorwagen;9951
2003;Solothurn;SO;Motorräder;564
2003;Solothurn;SO;Schwere Motorwagen;19
2003;Thal;SO;Anhänger;1140
2003;Thal;SO;Gewerbe FZ;14
2003;Thal;SO;Klein-Motorräder;30
2003;Thal;SO;Landw. FZ Ind. Trak.;546
2003;Thal;SO;Leichte Motorwagen;10422
2003;Thal;SO;Motorräder;855
2003;Thal;SO;Schwere Motorwagen;29
2003;Thierstein;SO;Anhänger;1212
2003;Thierstein;SO;Gewerbe FZ;24
2003;Thierstein;SO;Klein-Motorräder;24
2003;Thierstein;SO;Landw. FZ Ind. Trak.;383
2003;Thierstein;SO;Leichte Motorwagen;10538
2003;Thierstein;SO;Motorräder;1394
2003;Thierstein;SO;Schwere Motorwagen;32
2003;Wasseramt;SO;Anhänger;2337
2003;Wasseramt;SO;Gewerbe FZ;88
2003;Wasseramt;SO;Klein-Motorräder;16
2003;Wasseramt;SO;Landw. FZ Ind. Trak.;459
2003;Wasseramt;SO;Leichte Motorwagen;35519
2003;Wasseramt;SO;Motorräder;3802
2003;Wasseramt;SO;Schwere Motorwagen;26
2004;Bucheggberg;SO;Anhänger;527
2004;Bucheggberg;SO;Gewerbe FZ;29
2004;Bucheggberg;SO;Klein-Motorräder;0
2004;Bucheggberg;SO;Landw. FZ Ind. Trak.;392
2004;Bucheggberg;SO;Leichte Motorwagen;5983
2004;Bucheggberg;SO;Motorräder;639
2004;Bucheggberg;SO;Schwere Motorwagen;26
2004;Dorneck;SO;Anhänger;1020
2004;Dorneck;SO;Gewerbe FZ;13
2004;Dorneck;SO;Klein-Motorräder;9
2004;Dorneck;SO;Landw. FZ Ind. Trak.;439
2004;Dorneck;SO;Leichte Motorwagen;13149
2004;Dorneck;SO;Motorräder;1803
2004;Dorneck;SO;Schwere Motorwagen;20
2004;Gäu;SO;Anhänger;1846
2004;Gäu;SO;Gewerbe FZ;38
2004;Gäu;SO;Klein-Motorräder;30
2004;Gäu;SO;Landw. FZ Ind. Trak.;187
2004;Gäu;SO;Leichte Motorwagen;17126
2004;Gäu;SO;Motorräder;1260
2004;Gäu;SO;Schwere Motorwagen;576
2004;Gösgen;SO;Anhänger;1002
2004;Gösgen;SO;Gewerbe FZ;15
2004;Gösgen;SO;Klein-Motorräder;11
2004;Gösgen;SO;Landw. FZ Ind. Trak.;232
2004;Gösgen;SO;Leichte Motorwagen;15199
2004;Gösgen;SO;Motorräder;1923
2004;Gösgen;SO;Schwere Motorwagen;32
2004;Lebern;SO;Anhänger;1675
2004;Lebern;SO;Gewerbe FZ;18
2004;Lebern;SO;Klein-Motorräder;29
2004;Lebern;SO;Landw. FZ Ind. Trak.;339
2004;Lebern;SO;Leichte Motorwagen;30402
2004;Lebern;SO;Motorräder;3147
2004;Lebern;SO;Schwere Motorwagen;24
2004;Olten;SO;Anhänger;2313
2004;Olten;SO;Gewerbe FZ;162
2004;Olten;SO;Klein-Motorräder;41
2004;Olten;SO;Landw. FZ Ind. Trak.;247
2004;Olten;SO;Leichte Motorwagen;34538
2004;Olten;SO;Motorräder;3762
2004;Olten;SO;Schwere Motorwagen;589
2004;Solothurn;SO;Anhänger;258
2004;Solothurn;SO;Gewerbe FZ;17
2004;Solothurn;SO;Klein-Motorräder;7
2004;Solothurn;SO;Landw. FZ Ind. Trak.;30
2004;Solothurn;SO;Leichte Motorwagen;9954
2004;Solothurn;SO;Motorräder;566
2004;Solothurn;SO;Schwere Motorwagen;15
2004;Thal;SO;Anhänger;1142
2004;Thal;SO;Gewerbe FZ;13
2004;Thal;SO;Klein-Motorräder;30
2004;Thal;SO;Landw. FZ Ind. Trak.;550
2004;Thal;SO;Leichte Motorwagen;10421
2004;Thal;SO;Motorräder;856
2004;Thal;SO;Schwere Motorwagen;29
2004;Thierstein;SO;Anhänger;1209
2004;Thierstein;SO;Gewerbe FZ;29
2004;Thierstein;SO;Klein-Motorräder;27
2004;Thierstein;SO;Landw. FZ Ind. Trak.;388
2004;Thierstein;SO;Leichte Motorwagen;10536
2004;Thierstein;SO;Motorräder;1394
2004;Thierstein;SO;Schwere Motorwagen;36
2004;Wasseramt;SO;Anhänger;2338
2004;Wasseramt;SO;Gewerbe FZ;91
2004;Wasseramt;SO;Klein-Motorräder;18
2004;Wasseramt;SO;Landw. FZ Ind. Trak.;460
2004;Wasseramt;SO;Leichte Motorwagen;35524
2004;Wasseramt;SO;Motorräder;3797
2004;Wasseramt;SO;Schwere Motorwagen;30
2005;Bucheggberg;SO;Anhänger;532
2005;Bucheggberg;SO;Gewerbe FZ;30
2005;Bucheggberg;SO;Klein-Motorräder;0
2005;Bucheggberg;SO;Landw. FZ Ind. Trak.;392
2005;Bucheggberg;SO;Leichte Motorwagen;5986
2005;Bucheggberg;SO;Motorräder;643
2005;Bucheggberg;SO;Schwere Motorwagen;31
2005;Dorneck;SO;Anhänger;1023
2005;Dorneck;SO;Gewerbe FZ;15
2005;Dorneck;SO;Klein-Motorräder;9
2005;Dorneck;SO;Landw. FZ Ind. Trak.;441
2005;Dorneck;SO;Leichte Motorwagen;13151
2005;Dorneck;SO;Motorräder;1808
2005;Dorneck;SO;Schwere Motorwagen;20
2005;Gäu;SO;Anhänger;1850
2005;Gäu;SO;Gewerbe FZ;43
2005;Gäu;SO;Klein-Motorräder;28
2005;Gäu;SO;Landw. FZ Ind. Trak.;192
2005;Gäu;SO;Leichte Motorwagen;17128
2005;Gäu;SO;Motorräder;1263
2005;Gäu;SO;Schwere Motorwagen;577
2005;Gösgen;SO;Anhänger;1006
2005;Gösgen;SO;Gewerbe FZ;17
2005;Gösgen;SO;Klein-Motorräder;14
2005;Gösgen;SO;Landw. FZ Ind. Trak.;237
2005;Gösgen;SO;Leichte Motorwagen;15200
2005;Gösgen;SO;Motorräder;1927
2005;Gösgen;SO;Schwere Motorwagen;29
2005;Lebern;SO;Anhänger;1673
2005;Lebern;SO;Gewerbe FZ;21
2005;Lebern;SO;Klein-Motorräder;29
2005;Lebern;SO;Landw. FZ Ind. Trak.;341
2005;Lebern;SO;Leichte Motorwagen;30402
2005;Lebern;SO;Motorräder;3151
2005;Lebern;SO;Schwere Motorwagen;25
2005;Olten;SO;Anhänger;2315
2005;Olten;SO;Gewerbe FZ;164
2005;Olten;SO;Klein-Motorräder;41
2005;Olten;SO;Landw. FZ Ind. Trak.;247
2005;Olten;SO;Leichte Motorwagen;34539
2005;Olten;SO;Motorräder;3763
2005;Olten;SO;Schwere Motorwagen;585
2005;Solothurn;SO;Anhänger;262
2005;Solothurn;SO;Gewerbe FZ;18
2005;Solothurn;SO;Klein-Motorräder;8
2005;Solothurn;SO;Landw. FZ Ind. Trak.;34
2005;Solothurn;SO;Leichte Motorwagen;9953
2005;Solothurn;SO;Motorräder;569
2005;Solothurn;SO;Schwere Motorwagen;20
2005;Thal;SO;Anhänger;1142
2005;Thal;SO;Gewerbe FZ;14
2005;Thal;SO;Klein-Motorräder;34
2005;Thal;SO;Landw. FZ Ind. Trak.;550
2005;Thal;SO;Leichte Motorwagen;10425
2005;Thal;SO;Motorräder;856
2005;Thal;SO;Schwere Motorwagen;28
2005;Thierstein;SO;Anhänger;1212
2005;Thierstein;SO;Gewerbe FZ;30
2005;Thierstein;SO;Klein-Motorräder;31
2005;Thierstein;SO;Landw. FZ Ind. Trak.;393
2005;Thierstein;SO;Leichte Motorwagen;10541
2005;Thierstein;SO;Motorräder;1396
2005;Thierstein;SO;Schwere Motorwagen;33
2005;Wasseramt;SO;Anhänger;2343
2005;Wasseramt;SO;Gewerbe FZ;94
2005;Wasseramt;SO;Klein-Motorräder;17
2005;Wasseramt;SO;Landw. FZ Ind. Trak.;463
2005;Wasseramt;SO;Leichte Motorwagen;35526
2005;Wasseramt;SO;Motorräder;3800
2005;Wasseramt;SO;Schwere Motorwagen;31
2006;Bucheggberg;SO;Anhänger;532
2006;Bucheggberg;SO;Gewerbe FZ;30
2006;Bucheggberg;SO;Klein-Motorräder;1
2006;Bucheggberg;SO;Landw. FZ Ind. Trak.;397
2006;Bucheggberg;SO;Leichte Motorwagen;5983
2006;Bucheggberg;SO;Motorräder;646
2006;Bucheggberg;SO;Schwere Motorwagen;26
2006;Dorneck;SO;Anhänger;1026
2006;Dorneck;SO;Gewerbe FZ;20
2006;Dorneck;SO;Klein-Motorräder;8
2006;Dorneck;SO;Landw. FZ Ind. Trak.;445
2006;Dorneck;SO;Leichte Motorwagen;13151
2006;Dorneck;SO;Motorräder;1808
2006;Dorneck;SO;Schwere Motorwagen;23
2006;Gäu;SO;Anhänger;1853
2006;Gäu;SO;Gewerbe FZ;44
2006;Gäu;SO;Klein-Motorräder;31
2006;Gäu;SO;Landw. FZ Ind. Trak.;197
2006;Gäu;SO;Leichte Motorwagen;17129
2006;Gäu;SO;Motorräder;1266
2006;Gäu;SO;Schwere Motorwagen;581
2006;Gösgen;SO;Anhänger;1001
2006;Gösgen;SO;Gewerbe FZ;19
2006;Gösgen;SO;Klein-Motorräder;17
2006;Gösgen;SO;Landw. FZ Ind. Trak.;239
2006;Gösgen;SO;Leichte Motorwagen;15202
2006;Gösgen;SO;Motorräder;1927
2006;Gösgen;SO;Schwere Motorwagen;33
2006;Lebern;SO;Anhänger;1676
2006;Lebern;SO;Gewerbe FZ;24
2006;Lebern;SO;Klein-Motorräder;31
2006;Lebern;SO;Landw. FZ Ind. Trak.;345
2006;Lebern;SO;Leichte Motorwagen;30406
2006;Lebern;SO;Motorräder;3156
2006;Lebern;SO;Schwere Motorwagen;27
2006;Olten;SO;Anhänger;2315
2006;Olten;SO;Gewerbe FZ;161
2006;Olten;SO;Klein-Motorräder;42
2006;Olten;SO;Landw. FZ Ind. Trak.;252
2006;Olten;SO;Leichte Motorwagen;34541
2006;Olten;SO;Motorräder;3763
2006;Olten;SO;Schwere Motorwagen;585
2006;Solothurn;SO;Anhänger;266
2006;Solothurn;SO;Gewerbe FZ;18
2006;Solothurn;SO;Klein-Motorräder;4
2006;Solothurn;SO;Landw. FZ Ind. Trak.;29
2006;Solothurn;SO;Leichte Motorwagen;9955
2006;Solothurn;SO;Motorräder;569
2006;Solothurn;SO;Schwere Motorwagen;21
2006;Thal;SO;Anhänger;1144
2006;Thal;SO;Gewerbe FZ;16
2006;Thal;SO;Klein-Motorräder;34
2006;Thal;SO;Landw. FZ Ind. Trak.;553
2006;Thal;SO;Leichte Motorwagen;10427
2006;Thal;SO;Motorräder;857
2006;Thal;SO;Schwere Motorwagen;30
2006;Thierstein;SO;Anhänger;1212
2006;Thierstein;SO;Gewerbe FZ;29
2006;Thierstein;SO;Klein-Motorräder;27
2006;Thierstein;SO;Landw. FZ Ind. Trak.;394
2006;Thierstein;SO;Leichte Motorwagen;10542
2006;Thierstein;SO;Motorräder;1399
2006;Thierstein;SO;Schwere Motorwagen;35
2006;Wasseramt;SO;Anhänger;2341
2006;Wasseramt;SO;Gewerbe FZ;97
2006;Wasseramt;SO;Klein-Motorräder;17
2006;Wasseramt;SO;Landw. FZ Ind. Trak.;465
2006;Wasseramt;SO;Leichte Motorwagen;35528
2006;Wasseramt;SO;Motorräder;3799
2006;Wasseramt;SO;Schwere Motorwagen;33
2007;Bucheggberg;SO;Anhänger;536
2007;Bucheggberg;SO;Gewerbe FZ;30
2007;Bucheggberg;SO;Klein-Motorräder;0
2007;Bucheggberg;SO;Landw. FZ Ind. Trak.;402
2007;Bucheggberg;SO;Leichte Motorwagen;5985
2007;Bucheggberg;SO;Motorräder;647
2007;Bucheggberg;SO;Schwere Motorwagen;28
2007;Dorneck;SO;Anhänger;1026
2007;Dorneck;SO;Gewerbe FZ;24
2007;Dorneck;SO;Klein-Motorräder;13
2007;Dorneck;SO;Landw. FZ Ind. Trak.;441
2007;Dorneck;SO;Leichte Motorwagen;13154
2007;Dorneck;SO;Motorräder;1803
2007;Dorneck;SO;Schwere Motorwagen;24
2007;Gäu;SO;Anhänger;1857
2007;Gäu;SO;Gewerbe FZ;46
2007;Gäu;SO;Klein-Motorräder;28
2007;Gäu;SO;Landw. FZ Ind. Trak.;199
2007;Gäu;SO;Leichte Motorwagen;17132
2007;Gäu;SO;Motorräder;1270
2007;Gäu;SO;Schwere Motorwagen;581
2007;Gösgen;SO;Anhänger;1006
2007;Gösgen;SO;Gewerbe FZ;20
2007;Gösgen;SO;Klein-Motorräder;18
2007;Gösgen;SO;Landw. FZ Ind. Trak.;234
2007;Gösgen;SO;Leichte Motorwagen;15205
2007;Gösgen;SO;Motorräder;1925
2007;Gösgen;SO;Schwere Motorwagen;34
2007;Lebern;SO;Anhänger;1677
2007;Lebern;SO;Gewerbe FZ;27
2007;Lebern;SO;Klein-Motorräder;32
2007;Lebern;SO;Landw. FZ Ind. Trak.;346
2007;Lebern;SO;Leichte Motorwagen;30408
2007;Lebern;SO;Motorräder;3158
2007;Lebern;SO;Schwere Motorwagen;32
2007;Olten;SO;Anhänger;2317
2007;Olten;SO;Gewerbe FZ;164
2007;Olten;SO;Klein-Motorräder;43
2007;Olten;SO;Landw. FZ Ind. Trak.;249
2007;Olten;SO;Leichte Motorwagen;34536
2007;Olten;SO;Motorräder;3763
2007;Olten;SO;Schwere Motorwagen;580
2007;Solothurn;SO;Anhänger;268
2007;Solothurn;SO;Gewerbe FZ;23
2007;Solothurn;SO;Klein-Motorräder;4
2007;Solothurn;SO;Landw. FZ Ind. Trak.;34
2007;Solothurn;SO;Leichte Motorwagen;9959
2007;Solothurn;SO;Motorräder;567
2007;Solothurn;SO;Schwere Motorwagen;26
2007;Thal;SO;Anhänger;1147
2007;Thal;SO;Gewerbe FZ;16
2007;Thal;SO;Klein-Motorräder;38
2007;Thal;SO;Landw. FZ Ind. Trak.;554
2007;Thal;SO;Leichte Motorwagen;10428
2007;Thal;SO;Motorräder;858
2007;Thal;SO;Schwere Motorwagen;32
2007;Thierstein;SO;Anhänger;1213
2007;Thierstein;SO;Gewerbe FZ;34
2007;Thierstein;SO;Klein-Motorräder;32
2007;Thierstein;SO;Landw. FZ Ind. Trak.;398
2007;Thierstein;SO;Leichte Motorwagen;10542
2007;Thierstein;SO;Motorräder;1400
2007;Thierstein;SO;Schwere Motorwagen;37
2007;Wasseramt;SO;Anhänger;2341
2007;Wasseramt;SO;Gewerbe FZ;97
2007;Wasseramt;SO;Klein-Motorräder;18
2007;Wasseramt;SO;Landw. FZ Ind. Trak.;465
2007;Wasseramt;SO;Leichte Motorwagen;35523
2007;Wasseramt;SO;Motorräder;3800
2007;Wasseramt;SO;Schwere Motorwagen;35
2008;Bucheggberg;SO;Anhänger;540
2008;Bucheggberg;SO;Gewerbe FZ;35
2008;Bucheggberg;SO;Klein-Motorräder;5
2008;Bucheggberg;SO;Landw. FZ Ind. Trak.;407
2008;Bucheggberg;SO;Leichte Motorwagen;5985
2008;Bucheggberg;SO;Motorräder;648
2008;Bucheggberg;SO;Schwere Motorwagen;32
2008;Dorneck;SO;Anhänger;1030
2008;Dorneck;SO;Gewerbe FZ;25
2008;Dorneck;SO;Klein-Motorräder;8
2008;Dorneck;SO;Landw. FZ Ind. Trak.;442
2008;Dorneck;SO;Leichte Motorwagen;13159
2008;Dorneck;SO;Motorräder;1807
2008;Dorneck;SO;Schwere Motorwagen;25
2008;Gäu;SO;Anhänger;1861
2008;Gäu;SO;Gewerbe FZ;51
2008;Gäu;SO;Klein-Motorräder;31
2008;Gäu;SO;Landw. FZ Ind. Trak.;204
2008;Gäu;SO;Leichte Motorwagen;17133
2008;Gäu;SO;Motorräder;1271
2008;Gäu;SO;Schwere Motorwagen;581
2008;Gösgen;SO;Anhänger;1006
2008;Gösgen;SO;Gewerbe FZ;25
2008;Gösgen;SO;Klein-Motorräder;16
2008;Gösgen;SO;Landw. FZ Ind. Trak.;238
2008;Gösgen;SO;Leichte Motorwagen;15209
2008;Gösgen;SO;Motorräder;1927
2008;Gösgen;SO;Schwere Motorwagen;37
2008;Lebern;SO;Anhänger;1677
2008;Lebern;SO;Gewerbe FZ;24
2008;Lebern;SO;Klein-Motorräder;29
2008;Lebern;SO;Landw. FZ Ind. Trak.;347
2008;Lebern;SO;Leichte Motorwagen;30412
2008;Lebern;SO;Motorräder;3159
2008;Lebern;SO;Schwere Motorwagen;28
2008;Olten;SO;Anhänger;2320
2008;Olten;SO;Gewerbe FZ;164
2008;Olten;SO;Klein-Motorräder;46
2008;Olten;SO;Landw. FZ Ind. Trak.;250
2008;Olten;SO;Leichte Motorwagen;34540
2008;Olten;SO;Motorräder;3767
2008;Olten;SO;Schwere Motorwagen;584
2008;Solothurn;SO;Anhänger;272
2008;Solothurn;SO;Gewerbe FZ;26
2008;Solothurn;SO;Klein-Motorräder;7
2008;Solothurn;SO;Landw. FZ Ind. Trak.;35
2008;Solothurn;SO;Leichte Motorwagen;9960
2008;Solothurn;SO;Motorräder;566
2008;Solothurn;SO;Schwere Motorwagen;26
2008;Thal;SO;Anhänger;1148
2008;Thal;SO;Gewerbe FZ;12
2008;Thal;SO;Klein-Motorräder;39
2008;Thal;SO;Landw. FZ Ind. Trak.;550
2008;Thal;SO;Leichte Motorwagen;10431
2008;Thal;SO;Motorräder;861
2008;Thal;SO;Schwere Motorwagen;37
2008;Thierstein;SO;Anhänger;1217
2008;Thierstein;SO;Gewerbe FZ;35
2008;Thierstein;SO;Klein-Motorräder;33
2008;Thierstein;SO;Landw. FZ Ind. Trak.;402
2008;Thierstein;SO;Leichte Motorwagen;10545
2008;Thierstein;SO;Motorräder;1403
2008;Thierstein;SO;Schwere Motorwagen;38
2008;Wasseramt;SO;Anhänger;2345
2008;Wasseramt;SO;Gewerbe FZ;102
2008;Wasseramt;SO;Klein-Motorräder;18
2008;Wasseramt;SO;Landw. FZ Ind. Trak.;470
2008;Wasseramt;SO;Leichte Motorwagen;35522
2008;Wasseramt;SO;Motorräder;3805
2008;Wasseramt;SO;Schwere Motorwagen;36
2009;Bucheggberg;SO;Anhänger;541
2009;Bucheggberg;SO;Gewerbe FZ;37
2009;Bucheggberg;SO;Klein-Motorräder;1
2009;Bucheggberg;SO;Landw. FZ Ind. Trak.;404
2009;Bucheggberg;SO;Leichte Motorwagen;5989
2009;Bucheggberg;SO;Motorräder;652
2009;Bucheggberg;SO;Schwere Motorwagen;33
2009;Dorneck;SO;Anhänger;1035
2009;Dorneck;SO;Gewerbe FZ;28
2009;Dorneck;SO;Klein-Motorräder;13
2009;Dorneck;SO;Landw. FZ Ind. Trak.;440
2009;Dorneck;SO;Leichte Motorwagen;13162
2009;Dorneck;SO;Motorräder;1810
2009;Dorneck;SO;Schwere Motorwagen;30
2009;Gäu;SO;Anhänger;1862
2009;Gäu;SO;Gewerbe FZ;52
2009;Gäu;SO;Klein-Motorräder;27
2009;Gäu;SO;Landw. FZ Ind. Trak.;209
2009;Gäu;SO;Leichte Motorwagen;17138
2009;Gäu;SO;Motorräder;1271
2009;Gäu;SO;Schwere Motorwagen;583
2009;Gösgen;SO;Anhänger;1011
2009;Gösgen;SO;Gewerbe FZ;27
2009;Gösgen;SO;Klein-Motorräder;18
2009;Gösgen;SO;Landw. FZ Ind. Trak.;238
2009;Gösgen;SO;Leichte Motorwagen;15214
2009;Gösgen;SO;Motorräder;1924
2009;Gösgen;SO;Schwere Motorwagen;38
2009;Lebern;SO;Anhänger;1679
2009;Lebern;SO;Gewerbe FZ;24
2009;Lebern;SO;Klein-Motorräder;30
2009;Lebern;SO;Landw. FZ Ind. Trak.;349
2009;Lebern;SO;Leichte Motorwagen;30414
2009;Lebern;SO;Motorräder;3164
2009;Lebern;SO;Schwere Motorwagen;32
2009;Olten;SO;Anhänger;2322
2009;Olten;SO;Gewerbe FZ;169
2009;Olten;SO;Klein-Motorräder;50
2009;Olten;SO;Landw. FZ Ind. Trak.;254
2009;Olten;SO;Leichte Motorwagen;34544
2009;Olten;SO;Motorräder;3772
2009;Olten;SO;Schwere Motorwagen;581
2009;Solothurn;SO;Anhänger;272
2009;Solothurn;SO;Gewerbe FZ;28
2009;Solothurn;SO;Klein-Motorräder;9
2009;Solothurn;SO;Landw. FZ Ind. Trak.;39
2009;Solothurn;SO;Leichte Motorwagen;9961
2009;Solothurn;SO;Motorräder;566
2009;Solothurn;SO;Schwere Motorwagen;26
2009;Thal;SO;Anhänger;1153
2009;Thal;SO;Gewerbe FZ;12
2009;Thal;SO;Klein-Motorräder;41
2009;Thal;SO;Landw. FZ Ind. Trak.;550
2009;Thal;SO;Leichte Motorwagen;10431
2009;Thal;SO;Motorräder;861
2009;Thal;SO;Schwere Motorwagen;40
2009;Thierstein;SO;Anhänger;1218
2009;Thierstein;SO;Gewerbe FZ;37
2009;Thierstein;SO;Klein-Motorräder;35
2009;Thierstein;SO;Landw. FZ Ind. Trak.;398
2009;Thierstein;SO;Leichte Motorwagen;10548
2009;Thierstein;SO;Motorräder;1405
2009;Thierstein;SO;Schwere Motorwagen;38
2009;Wasseramt;SO;Anhänger;2347
2009;Wasseramt;SO;Gewerbe FZ;105
2009;Wasseramt;SO;Klein-Motorräder;23
2009;Wasseramt;SO;Landw. FZ Ind. Trak.;473
2009;Wasseramt;SO;Leichte Motorwagen;35522
2009;Wasseramt;SO;Motorräder;3805
2009;Wasseramt;SO;Schwere Motorwagen;37
2010;Bucheggberg;SO;Anhänger;541
2010;Bucheggberg;SO;Gewerbe FZ;33
2010;Bucheggberg;SO;Klein-Motorräder;3
2010;Bucheggberg;SO;Landw. FZ Ind. Trak.;404
2010;Bucheggberg;SO;Leichte Motorwagen;5989
2010;Bucheggberg;SO;Motorräder;654
2010;Bucheggberg;SO;Schwere Motorwagen;35
2010;Dorneck;SO;Anhänger;1036
2010;Dorneck;SO;Gewerbe FZ;28
2010;Dorneck;SO;Klein-Motorräder;13
2010;Dorneck;SO;Landw. FZ Ind. Trak.;443
2010;Dorneck;SO;Leichte Motorwagen;13162
2010;Dorneck;SO;Motorräder;1813
2010;Dorneck;SO;Schwere Motorwagen;30
2010;Gäu;SO;Anhänger;1867
2010;Gäu;SO;Gewerbe FZ;57
2010;Gäu;SO;Klein-Motorräder;32
2010;Gäu;SO;Landw. FZ Ind. Trak.;213
2010;Gäu;SO;Leichte Motorwagen;17139
2010;Gäu;SO;Motorräder;1273
2010;Gäu;SO;Schwere Motorwagen;585
2010;Gösgen;SO;Anhänger;1012
2010;Gösgen;SO;Gewerbe FZ;31
2010;Gösgen;SO;Klein-Motorräder;23
2010;Gösgen;SO;Landw. FZ Ind. Trak.;233
2010;Gösgen;SO;Leichte Motorwagen;15215
2010;Gösgen;SO;Motorräder;1929
2010;Gösgen;SO;Schwere Motorwagen;39
2010;Lebern;SO;Anhänger;1679
2010;Lebern;SO;Gewerbe FZ;26
2010;Lebern;SO;Klein-Motorräder;30
2010;Lebern;SO;Landw. FZ Ind. Trak.;349
2010;Lebern;SO;Leichte Motorwagen;30419
2010;Lebern;SO;Motorräder;3169
2010;Lebern;SO;Schwere Motorwagen;33
2010;Olten;SO;Anhänger;2323
2010;Olten;SO;Gewerbe FZ;174
2010;Olten;SO;Klein-Motorräder;54
2010;Olten;SO;Landw. FZ Ind. Trak.;254
2010;Olten;SO;Leichte Motorwagen;34548
2010;Olten;SO;Motorräder;3773
2010;Olten;SO;Schwere Motorwagen;582
2010;Solothurn;SO;Anhänger;276
2010;Solothurn;SO;Gewerbe FZ;30
2010;Solothurn;SO;Klein-Motorräder;12
2010;Solothurn;SO;Landw. FZ Ind. Trak.;42
2010;Solothurn;SO;Leichte Motorwagen;9962
2010;Solothurn;SO;Motorräder;569
2010;Solothurn;SO;Schwere Motorwagen;27
2010;Thal;SO;Anhänger;1156
2010;Thal;SO;Gewerbe FZ;12
2010;Thal;SO;Klein-Motorräder;45
2010;Thal;SO;Landw. FZ Ind. Trak.;550
2010;Thal;SO;Leichte Motorwagen;10435
2010;Thal;SO;Motorräder;866
2010;Thal;SO;Schwere Motorwagen;40
2010;Thierstein;SO;Anhänger;1219
2010;Thierstein;SO;Gewerbe FZ;42
2010;Thierstein;SO;Klein-Motorräder;36
2010;Thierstein;SO;Landw. FZ Ind. Trak.;398
2010;Thierstein;SO;Leichte Motorwagen;10551
2010;Thierstein;SO;Motorräder;1407
2010;Thierstein;SO;Schwere Motorwagen;40
2010;Wasseramt;SO;Anhänger;2350
2010;Wasseramt;SO;Gewerbe FZ;102
2010;Wasseramt;SO;Klein-Motorräder;27
2010;Wasseramt;SO;Landw. FZ Ind. Trak.;476
2010;Wasseramt;SO;Leichte Motorwagen;35526
2010;Wasseramt;SO;Motorräder;3810
2010;Wasseramt;SO;Schwere Motorwagen;42
2011;Bucheggberg;SO;Anhänger;543
2011;Bucheggberg;SO;Gewerbe FZ;33
2011;Bucheggberg;SO;Klein-Motorräder;6
2011;Bucheggberg;SO;Landw. FZ Ind. Trak.;399
2011;Bucheggberg;SO;Leichte Motorwagen;5992
2011;Bucheggberg;SO;Motorräder;659
2011;Bucheggberg;SO;Schwere Motorwagen;38
2011;Dorneck;SO;Anhänger;1036
2011;Dorneck;SO;Gewerbe FZ;24
2011;Dorneck;SO;Klein-Motorräder;16
2011;Dorneck;SO;Landw. FZ Ind. Trak.;443
2011;Dorneck;SO;Leichte Motorwagen;13167
2011;Dorneck;SO;Motorräder;1809
2011;Dorneck;SO;Schwere Motorwagen;31
2011;Gäu;SO;Anhänger;1872
2011;Gäu;SO;Gewerbe FZ;58
2011;Gäu;SO;Klein-Motorräder;32
2011;Gäu;SO;Landw. FZ Ind. Trak.;215
2011;Gäu;SO;Leichte Motorwagen;17141
2011;Gäu;SO;Motorräder;1274
2011;Gäu;SO;Schwere Motorwagen;589
2011;Gösgen;SO;Anhänger;1012
2011;Gösgen;SO;Gewerbe FZ;35
2011;Gösgen;SO;Klein-Motorräder;26
2011;Gösgen;SO;Landw. FZ Ind. Trak.;235
2011;Gösgen;SO;Leichte Motorwagen;15219
2011;Gösgen;SO;Motorräder;1930
2011;Gösgen;SO;Schwere Motorwagen;43
2011;Lebern;SO;Anhänger;1683
2011;Lebern;SO;Gewerbe FZ;26
2011;Lebern;SO;Klein-Motorräder;32
2011;Lebern;SO;Landw. FZ Ind. Trak.;350
2011;Lebern;SO;Leichte Motorwagen;30414
2011;Lebern;SO;Motorräder;3169
2011;Lebern;SO;Schwere Motorwagen;33
2011;Olten;SO;Anhänger;2328
2011;Olten;SO;Gewerbe FZ;175
2011;Olten;SO;Klein-Motorräder;54
2011;Olten;SO;Landw. FZ Ind. Trak.;255
2011;Olten;SO;Leichte Motorwagen;34551
2011;Olten;SO;Motorräder;3774
2011;Olten;SO;Schwere Motorwagen;580
2011;Solothurn;SO;Anhänger;279
2011;Solothurn;SO;Gewerbe FZ;29
2011;Solothurn;SO;Klein-Motorräder;17
2011;Solothurn;SO;Landw. FZ Ind. Trak.;44
2011;Solothurn;SO;Leichte Motorwagen;9962
2011;Solothurn;SO;Motorräder;573
2011;Solothurn;SO;Schwere Motorwagen;31
2011;Thal;SO;Anhänger;1154
2011;Thal;SO;Gewerbe FZ;15
2011;Thal;SO;Klein-Motorräder;50
2011;Thal;SO;Landw. FZ Ind. Trak.;549
2011;Thal;SO;Leichte Motorwagen;10440
2011;Thal;SO;Motorräder;869
2011;Thal;SO;Schwere Motorwagen;37
2011;Thierstein;SO;Anhänger;1220
2011;Thierstein;SO;Gewerbe FZ;42
2011;Thierstein;SO;Klein-Motorräder;36
2011;Thierstein;SO;Landw. FZ Ind. Trak.;401
2011;Thierstein;SO;Leichte Motorwagen;10555
2011;Thierstein;SO;Motorräder;1412
2011;Thierstein;SO;Schwere Motorwagen;44
2011;Wasseramt;SO;Anhänger;2355
2011;Wasseramt;SO;Gewerbe FZ;99
2011;Wasseramt;SO;Klein-Motorräder;22
2011;Wasseramt;SO;Landw. FZ Ind. Trak.;473
2011;Wasseramt;SO;Leichte Motorwagen;35529
2011;Wasseramt;SO;Motorräder;3811
2011;Wasseramt;SO;Schwere Motorwagen;42
2012;Bucheggberg;SO;Anhänger;547
2012;Bucheggberg;SO;Gewerbe FZ;31
2012;Bucheggberg;SO;Klein-Motorräder;6
2012;Bucheggberg;SO;Landw. FZ Ind. Trak.;398
2012;Bucheggberg;SO;Leichte Motorwagen;5994
2012;Bucheggberg;SO;Motorräder;659
2012;Bucheggberg;SO;Schwere Motorwagen;43
2012;Dorneck;SO;Anhänger;1039
2012;Dorneck;SO;Gewerbe FZ;26
2012;Dorneck;SO;Klein-Motorräder;21
2012;Dorneck;SO;Landw. FZ Ind. Trak.;443
2012;Dorneck;SO;Leichte Motorwagen;13170
2012;Dorneck;SO;Motorräder;1809
2012;Dorneck;SO;Schwere Motorwagen;36
2012;Gäu;SO;Anhänger;1872
2012;Gäu;SO;Gewerbe FZ;58
2012;Gäu;SO;Klein-Motorräder;35
2012;Gäu;SO;Landw. FZ Ind. Trak.;218
2012;Gäu;SO;Leichte Motorwagen;17143
2012;Gäu;SO;Motorräder;1278
2012;Gäu;SO;Schwere Motorwagen;592
2012;Gösgen;SO;Anhänger;1011
2012;Gösgen;SO;Gewerbe FZ;30
2012;Gösgen;SO;Klein-Motorräder;23
2012;Gösgen;SO;Landw. FZ Ind. Trak.;238
2012;Gösgen;SO;Leichte Motorwagen;15223
2012;Gösgen;SO;Motorräder;1934
2012;Gösgen;SO;Schwere Motorwagen;46
2012;Lebern;SO;Anhänger;1688
2012;Lebern;SO;Gewerbe FZ;28
2012;Lebern;SO;Klein-Motorräder;34
2012;Lebern;SO;Landw. FZ Ind. Trak.;350
2012;Lebern;SO;Leichte Motorwagen;30415
2012;Lebern;SO;Motorräder;3173
2012;Lebern;SO;Schwere Motorwagen;33
2012;Olten;SO;Anhänger;2330
2012;Olten;SO;Gewerbe FZ;176
2012;Olten;SO;Klein-Motorräder;59
2012;Olten;SO;Landw. FZ Ind. Trak.;260
2012;Olten;SO;Leichte Motorwagen;34554
2012;Olten;SO;Motorräder;3779
2012;Olten;SO;Schwere Motorwagen;584
2012;Solothurn;SO;Anhänger;283
2012;Solothurn;SO;Gewerbe FZ;29
2012;Solothurn;SO;Klein-Motorräder;18
2012;Solothurn;SO;Landw. FZ Ind. Trak.;44
2012;Solothurn;SO;Leichte Motorwagen;9963
2012;Solothurn;SO;Motorräder;576
2012;Solothurn;SO;Schwere Motorwagen;32
2012;Thal;SO;Anhänger;1156
2012;Thal;SO;Gewerbe FZ;17
2012;Thal;SO;Klein-Motorräder;50
2012;Thal;SO;Landw. FZ Ind. Trak.;552
2012;Thal;SO;Leichte Motorwagen;10437
2012;Thal;SO;Motorräder;870
2012;Thal;SO;Schwere Motorwagen;40
2012;Thierstein;SO;Anhänger;1221
2012;Thierstein;SO;Gewerbe FZ;44
2012;Thierstein;SO;Klein-Motorräder;39
2012;Thierstein;SO;Landw. FZ Ind. Trak.;406
2012;Thierstein;SO;Leichte Motorwagen;10558
2012;Thierstein;SO;Motorräder;1412
2012;Thierstein;SO;Schwere Motorwagen;48
2012;Wasseramt;SO;Anhänger;2356
2012;Wasseramt;SO;Gewerbe FZ;101
2012;Wasseramt;SO;Klein-Motorräder;20
2012;Wasseramt;SO;Landw. FZ Ind. Trak.;473
2012;Wasseramt;SO;Leichte Motorwagen;35533
2012;Wasseramt;SO;Motorräder;3810
2012;Wasseramt;SO;Schwere Motorwagen;45
2013;Bucheggberg;SO;Anhänger;547
2013;Bucheggberg;SO;Gewerbe FZ;32
2013;Bucheggberg;SO;Klein-Motorräder;6
2013;Bucheggberg;SO;Landw. FZ Ind. Trak.;403
2013;Bucheggberg;SO;Leichte Motorwagen;5996
2013;Bucheggberg;SO;Motorräder;656
2013;Bucheggberg;SO;Schwere Motorwagen;46
2013;Dorneck;SO;Anhänger;1040
2013;Dorneck;SO;Gewerbe FZ;31
2013;Dorneck;SO;Klein-Motorräder;17
2013;Dorneck;SO;Landw. FZ Ind. Trak.;445
2013;Dorneck;SO;Leichte Motorwagen;13174
2013;Dorneck;SO;Motorräder;1812
2013;Dorneck;SO;Schwere Motorwagen;41
2013;Gäu;SO;Anhänger;1872
2013;Gäu;SO;Gewerbe FZ;56
2013;Gäu;SO;Klein-Motorräder;37
2013;Gäu;SO;Landw. FZ Ind. Trak.;214
2013;Gäu;SO;Leichte Motorwagen;17147
2013;Gäu;SO;Motorräder;1278
2013;Gäu;SO;Schwere Motorwagen;593
2013;Gösgen;SO;Anhänger;1011
2013;Gösgen;SO;Gewerbe FZ;30
2013;Gösgen;SO;Klein-Motorräder;23
2013;Gösgen;SO;Landw. FZ Ind. Trak.;241
2013;Gösgen;SO;Leichte Motorwagen;15223
2013;Gösgen;SO;Motorräder;1937
2013;Gösgen;SO;Schwere Motorwagen;47
2013;Lebern;SO;Anhänger;1692
2013;Lebern;SO;Gewerbe FZ;33
2013;Lebern;SO;Klein-Motorräder;34
2013;Lebern;SO;Landw. FZ Ind. Trak.;348
2013;Lebern;SO;Leichte Motorwagen;30410
2013;Lebern;SO;Motorräder;3170
2013;Lebern;SO;Schwere Motorwagen;30
2013;Olten;SO;Anhänger;2335
2013;Olten;SO;Gewerbe FZ;180
2013;Olten;SO;Klein-Motorräder;56
2013;Olten;SO;Landw. FZ Ind. Trak.;260
2013;Olten;SO;Leichte Motorwagen;34554
2013;Olten;SO;Motorräder;3782
2013;Olten;SO;Schwere Motorwagen;589
2013;Solothurn;SO;Anhänger;288
2013;Solothurn;SO;Gewerbe FZ;31
2013;Solothurn;SO;Klein-Motorräder;16
2013;Solothurn;SO;Landw. FZ Ind. Trak.;46
2013;Solothurn;SO;Leichte Motorwagen;9966
2013;Solothurn;SO;Motorräder;580
2013;Solothurn;SO;Schwere Motorwagen;34
2013;Thal;SO;Anhänger;1156
2013;Thal;SO;Gewerbe FZ;20
2013;Thal;SO;Klein-Motorräder;55
2013;Thal;SO;Landw. FZ Ind. Trak.;553
2013;Thal;SO;Leichte Motorwagen;10438
2013;Thal;SO;Motorräder;875
2013;Thal;SO;Schwere Motorwagen;41
2013;Thierstein;SO;Anhänger;1224
2013;Thierstein;SO;Gewerbe FZ;40
2013;Thierstein;SO;Klein-Motorräder;42
2013;Thierstein;SO;Landw. FZ Ind. Trak.;410
2013;Thierstein;SO;Leichte Motorwagen;10557
2013;Thierstein;SO;Motorräder;1416
2013;Thierstein;SO;Schwere Motorwagen;53
2013;Wasseramt;SO;Anhänger;2355
2013;Wasseramt;SO;Gewerbe FZ;104
2013;Wasseramt;SO;Klein-Motorräder;21
2013;Wasseramt;SO;Landw. FZ Ind. Trak.;468
2013;Wasseramt;SO;Leichte Motorwagen;35534
2013;Wasseramt;SO;Motorräder;3810
2013;Wasseramt;SO;Schwere Motorwagen;45
2014;Bucheggberg;SO;Anhänger;552
2014;Bucheggberg;SO;Gewerbe FZ;36
2014;Bucheggberg;SO;Klein-Motorräder;6
2014;Bucheggberg;SO;Landw. FZ Ind. Trak.;406
2014;Bucheggberg;SO;Leichte Motorwagen;5991
2014;Bucheggberg;SO;Motorräder;657
2014;Bucheggberg;SO;Schwere Motorwagen;50
2014;Dorneck;SO;Anhänger;1045
2014;Dorneck;SO;Gewerbe FZ;35
2014;Dorneck;SO;Klein-Motorräder;17
2014;Dorneck;SO;Landw. FZ Ind. Trak.;447
2014;Dorneck;SO;Leichte Motorwagen;13177
2014;Dorneck;SO;Motorräder;1815
2014;Dorneck;SO;Schwere Motorwagen;40
2014;Gäu;SO;Anhänger;1877
2014;Gäu;SO;Gewerbe FZ;61
2014;Gäu;SO;Klein-Motorräder;42
2014;Gäu;SO;Landw. FZ Ind. Trak.;214
2014;Gäu;SO;Leichte Motorwagen;17150
2014;Gäu;SO;Motorräder;1280
2014;Gäu;SO;Schwere Motorwagen;594
2014;Gösgen;SO;Anhänger;1016
2014;Gösgen;SO;Gewerbe FZ;32
2014;Gösgen;SO;Klein-Motorräder;28
2014;Gösgen;SO;Landw. FZ Ind. Trak.;243
2014;Gösgen;SO;Leichte Motorwagen;15226
2014;Gösgen;SO;Motorräder;1942
2014;Gösgen;SO;Schwere Motorwagen;52
2014;Lebern;SO;Anhänger;1696
2014;Lebern;SO;Gewerbe FZ;37
2014;Lebern;SO;Klein-Motorräder;38
2014;Lebern;SO;Landw. FZ Ind. Trak.;349
2014;Lebern;SO;Leichte Motorwagen;30413
2014;Lebern;SO;Motorräder;3170
2014;Lebern;SO;Schwere Motorwagen;32
2014;Olten;SO;Anhänger;2340
2014;Olten;SO;Gewerbe FZ;181
2014;Olten;SO;Klein-Motorräder;60
2014;Olten;SO;Landw. FZ Ind. Trak.;264
2014;Olten;SO;Leichte Motorwagen;34554
2014;Olten;SO;Motorräder;3782
2014;Olten;SO;Schwere Motorwagen;593
2014;Solothurn;SO;Anhänger;288
2014;Solothurn;SO;Gewerbe FZ;32
2014;Solothurn;SO;Klein-Motorräder;16
2014;Solothurn;SO;Landw. FZ Ind. Trak.;50
2014;Solothurn;SO;Leichte Motorwagen;9970
2014;Solothurn;SO;Motorräder;583
2014;Solothurn;SO;Schwere Motorwagen;38
2014;Thal;SO;Anhänger;1161
2014;Thal;SO;Gewerbe FZ;22
2014;Thal;SO;Klein-Motorräder;55
2014;Thal;SO;Landw. FZ Ind. Trak.;554
2014;Thal;SO;Leichte Motorwagen;10436
2014;Thal;SO;Motorräder;880
2014;Thal;SO;Schwere Motorwagen;42
2014;Thierstein;SO;Anhänger;1227
2014;Thierstein;SO;Gewerbe FZ;43
2014;Thierstein;SO;Klein-Motorräder;42
2014;Thierstein;SO;Landw. FZ Ind. Trak.;411
2014;Thierstein;SO;Leichte Motorwagen;10562
2014;Thierstein;SO;Motorräder;1416
2014;Thierstein;SO;Schwere Motorwagen;48
2014;Wasseramt;SO;Anhänger;2358
2014;Wasseramt;SO;Gewerbe FZ;105
2014;Wasseramt;SO;Klein-Motorräder;26
2014;Wasseramt;SO;Landw. FZ Ind. Trak.;472
2014;Wasseramt;SO;Leichte Motorwagen;35537
2014;Wasseramt;SO;Motorräder;3810
2014;Wasseramt;SO;Schwere Motorwagen;50
2015;Bucheggberg;SO;Anhänger;552
2015;Bucheggberg;SO;Gewerbe FZ;38
2015;Bucheggberg;SO;Klein-Motorräder;9
2015;Bucheggberg;SO;Landw. FZ Ind. Trak.;409
2015;Bucheggberg;SO;Leichte Motorwagen;5993
2015;Bucheggberg;SO;Motorräder;662
2015;Bucheggberg;SO;Schwere Motorwagen;54
2015;Dorneck;SO;Anhänger;1042
2015;Dorneck;SO;Gewerbe FZ;36
2015;Dorneck;SO;Klein-Motorräder;22
2015;Dorneck;SO;Landw. FZ Ind. Trak.;446
2015;Dorneck;SO;Leichte Motorwagen;13181
2015;Dorneck;SO;Motorräder;1815
2015;Dorneck;SO;Schwere Motorwagen;40
2015;Gäu;SO;Anhänger;1882
2015;Gäu;SO;Gewerbe FZ;64
2015;Gäu;SO;Klein-Motorräder;46
2015;Gäu;SO;Landw. FZ Ind. Trak.;217
2015;Gäu;SO;Leichte Motorwagen;17153
2015;Gäu;SO;Motorräder;1283
2015;Gäu;SO;Schwere Motorwagen;598
2015;Gösgen;SO;Anhänger;1019
2015;Gösgen;SO;Gewerbe FZ;35
2015;Gösgen;SO;Klein-Motorräder;30
2015;Gösgen;SO;Landw. FZ Ind. Trak.;242
2015;Gösgen;SO;Leichte Motorwagen;15231
2015;Gösgen;SO;Motorräder;1945
2015;Gösgen;SO;Schwere Motorwagen;53
2015;Lebern;SO;Anhänger;1700
2015;Lebern;SO;Gewerbe FZ;37
2015;Lebern;SO;Klein-Motorräder;38
2015;Lebern;SO;Landw. FZ Ind. Trak.;348
2015;Lebern;SO;Leichte Motorwagen;30414
2015;Lebern;SO;Motorräder;3171
2015;Lebern;SO;Schwere Motorwagen;34
2015;Olten;SO;Anhänger;2343
2015;Olten;SO;Gewerbe FZ;186
2015;Olten;SO;Klein-Motorräder;64
2015;Olten;SO;Landw. FZ Ind. Trak.;268
2015;Olten;SO;Leichte Motorwagen;34550
2015;Olten;SO;Motorräder;3786
2015;Olten;SO;Schwere Motorwagen;596
2015;Solothurn;SO;Anhänger;291
2015;Solothurn;SO;Gewerbe FZ;34
2015;Solothurn;SO;Klein-Motorräder;19
2015;Solothurn;SO;Landw. FZ Ind. Trak.;52
2015;Solothurn;SO;Leichte Motorwagen;9973
2015;Solothurn;SO;Motorräder;584
2015;Solothurn;SO;Schwere Motorwagen;36
2015;Thal;SO;Anhänger;1161
2015;Thal;SO;Gewerbe FZ;19
2015;Thal;SO;Klein-Motorräder;50
2015;Thal;SO;Landw. FZ Ind. Trak.;555
2015;Thal;SO;Leichte Motorwagen;10436
2015;Thal;SO;Motorräder;880
2015;Thal;SO;Schwere Motorwagen;45
2015;Thierstein;SO;Anhänger;1228
2015;Thierstein;SO;Gewerbe FZ;45
2015;Thierstein;SO;Klein-Motorräder;46
2015;Thierstein;SO;Landw. FZ Ind. Trak.;411
2015;Thierstein;SO;Leichte Motorwagen;10562
2015;Thierstein;SO;Motorräder;1417
2015;Thierstein;SO;Schwere Motorwagen;50
2015;Wasseramt;SO;Anhänger;2361
2015;Wasseramt;SO;Gewerbe FZ;107
2015;Wasseramt;SO;Klein-Motorräder;30
2015;Wasseramt;SO;Landw. FZ Ind. Trak.;476
2015;Wasseramt;SO;Leichte Motorwagen;35541
2015;Wasseramt;SO;Motorräder;3810
2015;Wasseramt;SO;Schwere Motorwagen;50
2016;Bucheggberg;SO;Anhänger;552
2016;Bucheggberg;SO;Gewerbe FZ;40
2016;Bucheggberg;SO;Klein-Motorräder;13
2016;Bucheggberg;SO;Landw. FZ Ind. Trak.;412
2016;Bucheggberg;SO;Leichte Motorwagen;5993
2016;Bucheggberg;SO;Motorräder;660
2016;Bucheggberg;SO;Schwere Motorwagen;59
2016;Dorneck;SO;Anhänger;1038
2016;Dorneck;SO;Gewerbe FZ;39
2016;Dorneck;SO;Klein-Motorräder;21
2016;Dorneck;SO;Landw. FZ Ind. Trak.;451
2016;Dorneck;SO;Leichte Motorwagen;13184
2016;Dorneck;SO;Motorräder;1812
2016;Dorneck;SO;Schwere Motorwagen;41
2016;Gäu;SO;Anhänger;1879
2016;Gäu;SO;Gewerbe FZ;68
2016;Gäu;SO;Klein-Motorräder;50
2016;Gäu;SO;Landw. FZ Ind. Trak.;220
2016;Gäu;SO;Leichte Motorwagen;17154
2016;Gäu;SO;Motorräder;1288
2016;Gäu;SO;Schwere Motorwagen;595
2016;Gösgen;SO;Anhänger;1018
2016;Gösgen;SO;Gewerbe FZ;37
2016;Gösgen;SO;Klein-Motorräder;31
2016;Gösgen;SO;Landw. FZ Ind. Trak.;246
2016;Gösgen;SO;Leichte Motorwagen;15231
2016;Gösgen;SO;Motorräder;1945
2016;Gösgen;SO;Schwere Motorwagen;54
2016;Lebern;SO;Anhänger;1699
2016;Lebern;SO;Gewerbe FZ;40
2016;Lebern;SO;Klein-Motorräder;38
2016;Lebern;SO;Landw. FZ Ind. Trak.;353
2016;Lebern;SO;Leichte Motorwagen;30419
2016;Lebern;SO;Motorräder;3171
2016;Lebern;SO;Schwere Motorwagen;37
2016;Olten;SO;Anhänger;2348
2016;Olten;SO;Gewerbe FZ;189
2016;Olten;SO;Klein-Motorräder;67
2016;Olten;SO;Landw. FZ Ind. Trak.;271
2016;Olten;SO;Leichte Motorwagen;34548
2016;Olten;SO;Motorräder;3788
2016;Olten;SO;Schwere Motorwagen;596
2016;Solothurn;SO;Anhänger;293
2016;Solothurn;SO;Gewerbe FZ;34
2016;Solothurn;SO;Klein-Motorräder;24
2016;Solothurn;SO;Landw. FZ Ind. Trak.;53
2016;Solothurn;SO;Leichte Motorwagen;9971
2016;Solothurn;SO;Motorräder;585
2016;Solothurn;SO;Schwere Motorwagen;36
2016;Thal;SO;Anhänger;1162
2016;Thal;SO;Gewerbe FZ;20
2016;Thal;SO;Klein-Motorräder;49
2016;Thal;SO;Landw. FZ Ind. Trak.;557
2016;Thal;SO;Leichte Motorwagen;10440
2016;Thal;SO;Motorräder;882
2016;Thal;SO;Schwere Motorwagen;50
2016;Thierstein;SO;Anhänger;1233
2016;Thierstein;SO;Gewerbe FZ;48
2016;Thierstein;SO;Klein-Motorräder;48
2016;Thierstein;SO;Landw. FZ Ind. Trak.;413
2016;Thierstein;SO;Leichte Motorwagen;10567
2016;Thierstein;SO;Motorräder;1418
2016;Thierstein;SO;Schwere Motorwagen;55
2016;Wasseramt;SO;Anhänger;2361
2016;Wasseramt;SO;Gewerbe FZ;102
2016;Wasseramt;SO;Klein-Motorräder;34
2016;Wasseramt;SO;Landw. FZ Ind. Trak.;477
2016;Wasseramt;SO;Leichte Motorwagen;35544
2016;Wasseramt;SO;Motorräder;3814
2016;Wasseramt;SO;Schwere Motorwagen;52
2017;Bucheggberg;SO;Anhänger;556
2017;Bucheggberg;SO;Gewerbe FZ;44
2017;Bucheggberg;SO;Klein-Motorräder;15
2017;Bucheggberg;SO;Landw. FZ Ind. Trak.;416
2017;Bucheggberg;SO;Leichte Motorwagen;5997
2017;Bucheggberg;SO;Motorräder;661
2017;Bucheggberg;SO;Schwere Motorwagen;59
2017;Dorneck;SO;Anhänger;1043
2017;Dorneck;SO;Gewerbe FZ;44
2017;Dorneck;SO;Klein-Motorräder;25
2017;Dorneck;SO;Landw. FZ Ind. Trak.;453
2017;Dorneck;SO;Leichte Motorwagen;13189
2017;Dorneck;SO;Motorräder;1817
2017;Dorneck;SO;Schwere Motorwagen;43
2017;Gäu;SO;Anhänger;1879
2017;Gäu;SO;Gewerbe FZ;68
2017;Gäu;SO;Klein-Motorräder;48
2017;Gäu;SO;Landw. FZ Ind. Trak.;225
2017;Gäu;SO;Leichte Motorwagen;17157
2017;Gäu;SO;Motorräder;1288
2017;Gäu;SO;Schwere Motorwagen;595
2017;Gösgen;SO;Anhänger;1023
2017;Gösgen;SO;Gewerbe FZ;35
2017;Gösgen;SO;Klein-Motorräder;32
2017;Gösgen;SO;Landw. FZ Ind. Trak.;241
2017;Gösgen;SO;Leichte Motorwagen;15234
2017;Gösgen;SO;Motorräder;1945
2017;Gösgen;SO;Schwere Motorwagen;57
2017;Lebern;SO;Anhänger;1701
2017;Lebern;SO;Gewerbe FZ;45
2017;Lebern;SO;Klein-Motorräder;42
2017;Lebern;SO;Landw. FZ Ind. Trak.;353
2017;Lebern;SO;Leichte Motorwagen;30419
2017;Lebern;SO;Motorräder;3171
2017;Lebern;SO;Schwere Motorwagen;40
2017;Olten;SO;Anhänger;2344
2017;Olten;SO;Gewerbe FZ;192
2017;Olten;SO;Klein-Motorräder;68
2017;Olten;SO;Landw. FZ Ind. Trak.;270
2017;Olten;SO;Leichte Motorwagen;34551
2017;Olten;SO;Motorräder;3793
2017;Olten;SO;Schwere Motorwagen;599
2017;Solothurn;SO;Anhänger;294
2017;Solothurn;SO;Gewerbe FZ;37
2017;Solothurn;SO;Klein-Motorräder;24
2017;Solothurn;SO;Landw. FZ Ind. Trak.;58
2017;Solothurn;SO;Leichte Motorwagen;9974
2017;Solothurn;SO;Motorräder;586
2017;Solothurn;SO;Schwere Motorwagen;40
2017;Thal;SO;Anhänger;1164
2017;Thal;SO;Gewerbe FZ;22
2017;Thal;SO;Klein-Motorräder;47
2017;Thal;SO;Landw. FZ Ind. Trak.;560
2017;Thal;SO;Leichte Motorwagen;10443
2017;Thal;SO;Motorräder;887
2017;Thal;SO;Schwere Motorwagen;51
2017;Thierstein;SO;Anhänger;1238
2017;Thierstein;SO;Gewerbe FZ;49
2017;Thierstein;SO;Klein-Motorräder;50
2017;Thierstein;SO;Landw. FZ Ind. Trak.;413
2017;Thierstein;SO;Leichte Motorwagen;10572
2017;Thierstein;SO;Motorräder;1423
2017;Thierstein;SO;Schwere Motorwagen;55
2017;Wasseramt;SO;Anhänger;2361
2017;Wasseramt;SO;Gewerbe FZ;101
2017;Wasseramt;SO;Klein-Motorräder;37
2017;Wasseramt;SO;Landw. FZ Ind. Trak.;478
2017;Wasseramt;SO;Leichte Motorwagen;35548
2017;Wasseramt;SO;Motorräder;3815
2017;Wasseramt;SO;Schwere Motorwagen;57
2018;Bucheggberg;SO;Anhänger;557
2018;Bucheggberg;SO;Gewerbe FZ;40
2018;Bucheggberg;SO;Klein-Motorräder;15
2018;Bucheggberg;SO;Landw. FZ Ind. Trak.;416
2018;Bucheggberg;SO;Leichte Motorwagen;6002
2018;Bucheggberg;SO;Motorräder;663
2018;Bucheggberg;SO;Schwere Motorwagen;54
2018;Dorneck;SO;Anhänger;1045
2018;Dorneck;SO;Gewerbe FZ;45
2018;Dorneck;SO;Klein-Motorräder;28
2018;Dorneck;SO;Landw. FZ Ind. Trak.;453
2018;Dorneck;SO;Leichte Motorwagen;13189
2018;Dorneck;SO;Motorräder;1817
2018;Dorneck;SO;Schwere Motorwagen;48
2018;Gäu;SO;Anhänger;1884
2018;Gäu;SO;Gewerbe FZ;72
2018;Gäu;SO;Klein-Motorräder;49
2018;Gäu;SO;Landw. FZ Ind. Trak.;228
2018;Gäu;SO;Leichte Motorwagen;17159
2018;Gäu;SO;Motorräder;1289
2018;Gäu;SO;Schwere Motorwagen;597
2018;Gösgen;SO;Anhänger;1023
2018;Gösgen;SO;Gewerbe FZ;34
2018;Gösgen;SO;Klein-Motorräder;37
2018;Gösgen;SO;Landw. FZ Ind. Trak.;240
2018;Gösgen;SO;Leichte Motorwagen;15236
2018;Gösgen;SO;Motorräder;1949
2018;Gösgen;SO;Schwere Motorwagen;59
2018;Lebern;SO;Anhänger;1703
2018;Lebern;SO;Gewerbe FZ;41
2018;Lebern;SO;Klein-Motorräder;47
2018;Lebern;SO;Landw. FZ Ind. Trak.;356
2018;Lebern;SO;Leichte Motorwagen;30420
2018;Lebern;SO;Motorräder;3173
2018;Lebern;SO;Schwere Motorwagen;40
2018;Olten;SO;Anhänger;2347
2018;Olten;SO;Gewerbe FZ;191
2018;Olten;SO;Klein-Motorräder;69
2018;Olten;SO;Landw. FZ Ind. Trak.;270
2018;Olten;SO;Leichte Motorwagen;34554
2018;Olten;SO;Motorräder;3788
2018;Olten;SO;Schwere Motorwagen;601
2018;Solothurn;SO;Anhänger;299
2018;Solothurn;SO;Gewerbe FZ;40
2018;Solothurn;SO;Klein-Motorräder;26
2018;Solothurn;SO;Landw. FZ Ind. Trak.;61
2018;Solothurn;SO;Leichte Motorwagen;9973
2018;Solothurn;SO;Motorräder;591
2018;Solothurn;SO;Schwere Motorwagen;45
2018;Thal;SO;Anhänger;1169
2018;Thal;SO;Gewerbe FZ;22
2018;Thal;SO;Klein-Motorräder;47
2018;Thal;SO;Landw. FZ Ind. Trak.;562
2018;Thal;SO;Leichte Motorwagen;10448
2018;Thal;SO;Motorräder;887
2018;Thal;SO;Schwere Motorwagen;54
2018;Thierstein;SO;Anhänger;1238
2018;Thierstein;SO;Gewerbe FZ;52
2018;Thierstein;SO;Klein-Motorräder;54
2018;Thierstein;SO;Landw. FZ Ind. Trak.;413
2018;Thierstein;SO;Leichte Motorwagen;10574
2018;Thierstein;SO;Motorräder;1426
2018;Thierstein;SO;Schwere Motorwagen;52
2018;Wasseramt;SO;Anhänger;2361
2018;Wasseramt;SO;Gewerbe FZ;105
2018;Wasseramt;SO;Klein-Motorräder;38
2018;Wasseramt;SO;Landw. FZ Ind. Trak.;483
2018;Wasseramt;SO;Leichte Motorwagen;35549
2018;Wasseramt;SO;Motorräder;3820
2018;Wasseramt;SO;Schwere Motorwagen;59
2019;Bucheggberg;SO;Anhänger;557
2019;Bucheggberg;SO;Gewerbe FZ;45
2019;Bucheggberg;SO;Klein-Motorräder;17
2019;Bucheggberg;SO;Landw. FZ Ind. Trak.;421
2019;Bucheggberg;SO;Leichte Motorwagen;6004
2019;Bucheggberg;SO;Motorräder;664
2019;Bucheggberg;SO;Schwere Motorwagen;52
2019;Dorneck;SO;Anhänger;1049
2019;Dorneck;SO;Gewerbe FZ;50
2019;Dorneck;SO;Klein-Motorräder;32
2019;Dorneck;SO;Landw. FZ Ind. Trak.;454
2019;Dorneck;SO;Leichte Motorwagen;13189
2019;Dorneck;SO;Motorräder;1820
2019;Dorneck;SO;Schwere Motorwagen;50
2019;Gäu;SO;Anhänger;1884
2019;Gäu;SO;Gewerbe FZ;73
2019;Gäu;SO;Klein-Motorräder;46
2019;Gäu;SO;Landw. FZ Ind. Trak.;233
2019;Gäu;SO;Leichte Motorwagen;17162
2019;Gäu;SO;Motorräder;1294
2019;Gäu;SO;Schwere Motorwagen;601
2019;Gösgen;SO;Anhänger;1023
2019;Gösgen;SO;Gewerbe FZ;33
2019;Gösgen;SO;Klein-Motorräder;39
2019;Gösgen;SO;Landw. FZ Ind. Trak.;243
2019;Gösgen;SO;Leichte Motorwagen;15233
2019;Gösgen;SO;Motorräder;1951
2019;Gösgen;SO;Schwere Motorwagen;59
2019;Lebern;SO;Anhänger;1699
2019;Lebern;SO;Gewerbe FZ;45
2019;Lebern;SO;Klein-Motorräder;51
2019;Lebern;SO;Landw. FZ Ind. Trak.;358
2019;Lebern;SO;Leichte Motorwagen;30424
2019;Lebern;SO;Motorräder;3178
2019;Lebern;SO;Schwere Motorwagen;42
2019;Olten;SO;Anhänger;2347
2019;Olten;SO;Gewerbe FZ;193
2019;Olten;SO;Klein-Motorräder;69
2019;Olten;SO;Landw. FZ Ind. Trak.;268
2019;Olten;SO;Leichte Motorwagen;34554
2019;Olten;SO;Motorräder;3793
2019;Olten;SO;Schwere Motorwagen;603
2019;Solothurn;SO;Anhänger;300
2019;Solothurn;SO;Gewerbe FZ;41
2019;Solothurn;SO;Klein-Motorräder;30
2019;Solothurn;SO;Landw. FZ Ind. Trak.;63
2019;Solothurn;SO;Leichte Motorwagen;9977
2019;Solothurn;SO;Motorräder;591
2019;Solothurn;SO;Schwere Motorwagen;45
2019;Thal;SO;Anhänger;1173
2019;Thal;SO;Gewerbe FZ;27
2019;Thal;SO;Klein-Motorräder;50
2019;Thal;SO;Landw. FZ Ind. Trak.;567
2019;Thal;SO;Leichte Motorwagen;10448
2019;Thal;SO;Motorräder;883
2019;Thal;SO;Schwere Motorwagen;57
2019;Thierstein;SO;Anhänger;1240
2019;Thierstein;SO;Gewerbe FZ;53
2019;Thierstein;SO;Klein-Motorräder;54
2019;Thierstein;SO;Landw. FZ Ind. Trak.;417
2019;Thierstein;SO;Leichte Motorwagen;10579
2019;Thierstein;SO;Motorräder;1422
2019;Thierstein;SO;Schwere Motorwagen;56
2019;Wasseramt;SO;Anhänger;2364
2019;Wasseramt;SO;Gewerbe FZ;108
2019;Wasseramt;SO;Klein-Motorräder;40
2019;Wasseramt;SO;Landw. FZ Ind. Trak.;486
2019;Wasseramt;SO;Leichte Motorwagen;35551
2019;Wasseramt;SO;Motorräder;3824
2019;Wasseramt;SO;Schwere Motorwagen;59
2020;Bucheggberg;SO;Anhänger;561
2020;Bucheggberg;SO;Gewerbe FZ;45
2020;Bucheggberg;SO;Klein-Motorräder;19
2020;Bucheggberg;SO;Landw. FZ Ind. Trak.;421
2020;Bucheggberg;SO;Leichte Motorwagen;6007
2020;Bucheggberg;SO;Motorräder;667
2020;Bucheggberg;SO;Schwere Motorwagen;53
2020;Dorneck;SO;Anhänger;1044
2020;Dorneck;SO;Gewerbe FZ;53
2020;Dorneck;SO;Klein-Motorräder;36
2020;Dorneck;SO;Landw. FZ Ind. Trak.;457
2020;Dorneck;SO;Leichte Motorwagen;13191
2020;Dorneck;SO;Motorräder;1824
2020;Dorneck;SO;Schwere Motorwagen;51
2020;Gäu;SO;Anhänger;1884
2020;Gäu;SO;Gewerbe FZ;73
2020;Gäu;SO;Klein-Motorräder;50
2020;Gäu;SO;Landw. FZ Ind. Trak.;233
2020;Gäu;SO;Leichte Motorwagen;17162
2020;Gäu;SO;Motorräder;1296
2020;Gäu;SO;Schwere Motorwagen;605
2020;Gösgen;SO;Anhänger;1025
2020;Gösgen;SO;Gewerbe FZ;36
2020;Gösgen;SO;Klein-Motorräder;39
2020;Gösgen;SO;Landw. FZ Ind. Trak.;245
2020;Gösgen;SO;Leichte Motorwagen;15233
2020;Gösgen;SO;Motorräder;1953
2020;Gösgen;SO;Schwere Motorwagen;61
2020;Lebern;SO;Anhänger;1703
2020;Lebern;SO;Gewerbe FZ;49
2020;Lebern;SO;Klein-Motorräder;56
2020;Lebern;SO;Landw. FZ Ind. Trak.;363
2020;Lebern;SO;Leichte Motorwagen;30428
2020;Lebern;SO;Motorräder;3179
2020;Lebern;SO;Schwere Motorwagen;45
2020;Olten;SO;Anhänger;2345
2020;Olten;SO;Gewerbe FZ;198
2020;Olten;SO;Klein-Motorräder;72
2020;Olten;SO;Landw. FZ Ind. Trak.;264
2020;Olten;SO;Leichte Motorwagen;34557
2020;Olten;SO;Motorräder;3794
2020;Olten;SO;Schwere Motorwagen;605
2020;Solothurn;SO;Anhänger;304
2020;Solothurn;SO;Gewerbe FZ;44
2020;Solothurn;SO;Klein-Motorräder;33
2020;Solothurn;SO;Landw. FZ Ind. Trak.;61
2020;Solothurn;SO;Leichte Motorwagen;9977
2020;Solothurn;SO;Motorräder;595
2020;Solothurn;SO;Schwere Motorwagen;49
2020;Thal;SO;Anhänger;1178
2020;Thal;SO;Gewerbe FZ;30
2020;Thal;SO;Klein-Motorräder;54
2020;Thal;SO;Landw. FZ Ind. Trak.;571
2020;Thal;SO;Leichte Motorwagen;10450
2020;Thal;SO;Motorräder;888
2020;Thal;SO;Schwere Motorwagen;59
2020;Thierstein;SO;Anhänger;1238
2020;Thierstein;SO;Gewerbe FZ;58
2020;Thierstein;SO;Klein-Motorräder;54
2020;Thierstein;SO;Landw. FZ Ind. Trak.;417
2020;Thierstein;SO;Leichte Motorwagen;10583
2020;Thierstein;SO;Motorräder;1420
2020;Thierstein;SO;Schwere Motorwagen;56
2020;Wasseramt;SO;Anhänger;2364
2020;Wasseramt;SO;Gewerbe FZ;108
2020;Wasseramt;SO;Klein-Motorräder;44
2020;Wasseramt;SO;Landw. FZ Ind. Trak.;487
2020;Wasseramt;SO;Leichte Motorwagen;35553
2020;Wasseramt;SO;Motorräder;3829
2020;Wasseramt;SO;Schwere Motorwagen;54
2021;Bucheggberg;SO;Anhänger;557
2021;Bucheggberg;SO;Gewerbe FZ;44
2021;Bucheggberg;SO;Klein-Motorräder;19
2021;Bucheggberg;SO;Landw. FZ Ind. Trak.;425
2021;Bucheggberg;SO;Leichte Motorwagen;6009
2021;Bucheggberg;SO;Motorräder;663
2021;Bucheggberg;SO;Schwere Motorwagen;52
2021;Dorneck;SO;Anhänger;1043
2021;Dorneck;SO;Gewerbe FZ;57
2021;Dorneck;SO;Klein-Motorräder;33
2021;Dorneck;SO;Landw. FZ Ind. Trak.;460
2021;Dorneck;SO;Leichte Motorwagen;13192
2021;Dorneck;SO;Motorräder;1829
2021;Dorneck;SO;Schwere Motorwagen;51
2021;Gäu;SO;Anhänger;1889
2021;Gäu;SO;Gewerbe FZ;76
2021;Gäu;SO;Klein-Motorräder;55
2021;Gäu;SO;Landw. FZ Ind. Trak.;238
2021;Gäu;SO;Leichte Motorwagen;17167
2021;Gäu;SO;Motorräder;1296
2021;Gäu;SO;Schwere Motorwagen;610
2021;Gösgen;SO;Anhänger;1026
2021;Gösgen;SO;Gewerbe FZ;40
2021;Gösgen;SO;Klein-Motorräder;39
2021;Gösgen;SO;Landw. FZ Ind. Trak.;245
2021;Gösgen;SO;Leichte Motorwagen;15236
2021;Gösgen;SO;Motorräder;1955
2021;Gösgen;SO;Schwere Motorwagen;58
2021;Lebern;SO;Anhänger;1700
2021;Lebern;SO;Gewerbe FZ;50
2021;Lebern;SO;Klein-Motorräder;52
2021;Lebern;SO;Landw. FZ Ind. Trak.;359
2021;Lebern;SO;Leichte Motorwagen;30431
2021;Lebern;SO;Motorräder;3181
2021;Lebern;SO;Schwere Motorwagen;46
2021;Olten;SO;Anhänger;2349
2021;Olten;SO;Gewerbe FZ;203
2021;Olten;SO;Klein-Motorräder;73
2021;Olten;SO;Landw. FZ Ind. Trak.;263
2021;Olten;SO;Leichte Motorwagen;34559
2021;Olten;SO;Motorräder;3799
2021;Olten;SO;Schwere Motorwagen;602
2021;Solothurn;SO;Anhänger;302
2021;Solothurn;SO;Gewerbe FZ;44
2021;Solothurn;SO;Klein-Motorräder;36
2021;Solothurn;SO;Landw. FZ Ind. Trak.;64
2021;Solothurn;SO;Leichte Motorwagen;9977
2021;Solothurn;SO;Motorräder;595
2021;Solothurn;SO;Schwere Motorwagen;48
2021;Thal;SO;Anhänger;1181
2021;Thal;SO;Gewerbe FZ;35
2021;Thal;SO;Klein-Motorräder;54
2021;Thal;SO;Landw. FZ Ind. Trak.;575
2021;Thal;SO;Leichte Motorwagen;10450
2021;Thal;SO;Motorräder;888
2021;Thal;SO;Schwere Motorwagen;63
2021;Thierstein;SO;Anhänger;1238
2021;Thierstein;SO;Gewerbe FZ;63
2021;Thierstein;SO;Klein-Motorräder;58
2021;Thierstein;SO;Landw. FZ Ind. Trak.;415
2021;Thierstein;SO;Leichte Motorwagen;10583
2021;Thierstein;SO;Motorräder;1425
2021;Thierstein;SO;Schwere Motorwagen;58
2021;Wasseramt;SO;Anhänger;2369
2021;Wasseramt;SO;Gewerbe FZ;110
2021;Wasseramt;SO;Klein-Motorräder;49
2021;Wasseramt;SO;Landw. FZ Ind. Trak.;485
2021;Wasseramt;SO;Leichte Motorwagen;35558
2021;Wasseramt;SO;Motorräder;3826
2021;Wasseramt;SO;Schwere Motorwagen;58
2022;Bucheggberg;SO;Anhänger;558
2022;Bucheggberg;SO;Gewerbe FZ;44
2022;Bucheggberg;SO;Klein-Motorräder;22
2022;Bucheggberg;SO;Landw. FZ Ind. Trak.;426
2022;Bucheggberg;SO;Leichte Motorwagen;6012
2022;Bucheggberg;SO;Motorräder;665
2022;Bucheggberg;SO;Schwere Motorwagen;52
2022;Dorneck;SO;Anhänger;1046
2022;Dorneck;SO;Gewerbe FZ;57
2022;Dorneck;SO;Klein-Motorräder;38
2022;Dorneck;SO;Landw. FZ Ind. Trak.;455
2022;Dorneck;SO;Leichte Motorwagen;13194
2022;Dorneck;SO;Motorräder;1825
2022;Dorneck;SO;Schwere Motorwagen;55
2022;Gäu;SO;Anhänger;1889
2022;Gäu;SO;Gewerbe FZ;75
2022;Gäu;SO;Klein-Motorräder;60
2022;Gäu;SO;Landw. FZ Ind. Trak.;233
2022;Gäu;SO;Leichte Motorwagen;17171
2022;Gäu;SO;Motorräder;1297
2022;Gäu;SO;Schwere Motorwagen;615
2022;Gösgen;SO;Anhänger;1028
2022;Gösgen;SO;Gewerbe FZ;44
2022;Gösgen;SO;Klein-Motorräder;43
2022;Gösgen;SO;Landw. FZ Ind. Trak.;246
2022;Gösgen;SO;Leichte Motorwagen;15231
2022;Gösgen;SO;Motorräder;1954
2022;Gösgen;SO;Schwere Motorwagen;63
2022;Lebern;SO;Anhänger;1704
2022;Lebern;SO;Gewerbe FZ;51
2022;Lebern;SO;Klein-Motorräder;53
2022;Lebern;SO;Landw. FZ Ind. Trak.;361
2022;Lebern;SO;Leichte Motorwagen;30433
2022;Lebern;SO;Motorräder;3185
2022;Lebern;SO;Schwere Motorwagen;49
2022;Olten;SO;Anhänger;2350
2022;Olten;SO;Gewerbe FZ;204
2022;Olten;SO;Klein-Motorräder;77
2022;Olten;SO;Landw. FZ Ind. Trak.;258
2022;Olten;SO;Leichte Motorwagen;34558
2022;Olten;SO;Motorräder;3803
2022;Olten;SO;Schwere Motorwagen;602
2022;Solothurn;SO;Anhänger;307
2022;Solothurn;SO;Gewerbe FZ;47
2022;Solothurn;SO;Klein-Motorräder;41
2022;Solothurn;SO;Landw. FZ Ind. Trak.;64
2022;Solothurn;SO;Leichte Motorwagen;9982
2022;Solothurn;SO;Motorräder;595
2022;Solothurn;SO;Schwere Motorwagen;51
2022;Thal;SO;Anhänger;1185
2022;Thal;SO;Gewerbe FZ;35
2022;Thal;SO;Klein-Motorräder;51
2022;Thal;SO;Landw. FZ Ind. Trak.;577
2022;Thal;SO;Leichte Motorwagen;10450
2022;Thal;SO;Motorräder;889
2022;Thal;SO;Schwere Motorwagen;68
2022;Thierstein;SO;Anhänger;1239
2022;Thierstein;SO;Gewerbe FZ;63
2022;Thierstein;SO;Klein-Motorräder;63
2022;Thierstein;SO;Landw. FZ Ind. Trak.;415
2022;Thierstein;SO;Leichte Motorwagen;10585
2022;Thierstein;SO;Motorräder;1428
2022;Thierstein;SO;Schwere Motorwagen;61
2022;Wasseramt;SO;Anhänger;2371
2022;Wasseramt;SO;Gewerbe FZ;113
2022;Wasseramt;SO;Klein-Motorräder;51
2022;Wasseramt;SO;Landw. FZ Ind. Trak.;489
2022;Wasseramt;SO;Leichte Motorwagen;35559
2022;Wasseramt;SO;Motorräder;3829
2022;Wasseramt;SO;Schwere Motorwagen;59
2023;Bucheggberg;SO;Anhänger;559
2023;Bucheggberg;SO;Gewerbe FZ;43
2023;Bucheggberg;SO;Klein-Motorräder;26
2023;Bucheggberg;SO;Landw. FZ Ind. Trak.;431
2023;Bucheggberg;SO;Leichte Motorwagen;6015
2023;Bucheggberg;SO;Motorräder;667
2023;Bucheggberg;SO;Schwere Motorwagen;53
2023;Dorneck;SO;Anhänger;1050
2023;Dorneck;SO;Gewerbe FZ;56
2023;Dorneck;SO;Klein-Motorräder;42
2023;Dorneck;SO;Landw. FZ Ind. Trak.;457
2023;Dorneck;SO;Leichte Motorwagen;13190
2023;Dorneck;SO;Motorräder;1826
2023;Dorneck;SO;Schwere Motorwagen;56
2023;Gäu;SO;Anhänger;1891
2023;Gäu;SO;Gewerbe FZ;80
2023;Gäu;SO;Klein-Motorräder;60
2023;Gäu;SO;Landw. FZ Ind. Trak.;238
2023;Gäu;SO;Leichte Motorwagen;17173
2023;Gäu;SO;Motorräder;1297
2023;Gäu;SO;Schwere Motorwagen;619
2023;Gösgen;SO;Anhänger;1031
2023;Gösgen;SO;Gewerbe FZ;44
2023;Gösgen;SO;Klein-Motorräder;46
2023;Gösgen;SO;Landw. FZ Ind. Trak.;249
2023;Gösgen;SO;Leichte Motorwagen;15234
2023;Gösgen;SO;Motorräder;1954
2023;Gösgen;SO;Schwere Motorwagen;65
2023;Lebern;SO;Anhänger;1706
2023;Lebern;SO;Gewerbe FZ;53
2023;Lebern;SO;Klein-Motorräder;58
2023;Lebern;SO;Landw. FZ Ind. Trak.;366
2023;Lebern;SO;Leichte Motorwagen;30438
2023;Lebern;SO;Motorräder;3188
2023;Lebern;SO;Schwere Motorwagen;52
2023;Olten;SO;Anhänger;2345
2023;Olten;SO;Gewerbe FZ;209
2023;Olten;SO;Klein-Motorräder;81
2023;Olten;SO;Landw. FZ Ind. Trak.;263
2023;Olten;SO;Leichte Motorwagen;34561
2023;Olten;SO;Motorräder;3807
2023;Olten;SO;Schwere Motorwagen;607
2023;Solothurn;SO;Anhänger;309
2023;Solothurn;SO;Gewerbe FZ;45
2023;Solothurn;SO;Klein-Motorräder;41
2023;Solothurn;SO;Landw. FZ Ind. Trak.;66
2023;Solothurn;SO;Leichte Motorwagen;9982
2023;Solothurn;SO;Motorräder;595
2023;Solothurn;SO;Schwere Motorwagen;52
2023;Thal;SO;Anhänger;1189
2023;Thal;SO;Gewerbe FZ;32
2023;Thal;SO;Klein-Motorräder;51
2023;Thal;SO;Landw. FZ Ind. Trak.;580
2023;Thal;SO;Leichte Motorwagen;10450
2023;Thal;SO;Motorräder;894
2023;Thal;SO;Schwere Motorwagen;69
2023;Thierstein;SO;Anhänger;1239
2023;Thierstein;SO;Gewerbe FZ;64
2023;Thierstein;SO;Klein-Motorräder;64
2023;Thierstein;SO;Landw. FZ Ind. Trak.;416
2023;Thierstein;SO;Leichte Motorwagen;10588
2023;Thierstein;SO;Motorräder;1428
2023;Thierstein;SO;Schwere Motorwagen;64
2023;Wasseramt;SO;Anhänger;2372
2023;Wasseramt;SO;Gewerbe FZ;116
2023;Wasseramt;SO;Klein-Motorräder;55
2023;Wasseramt;SO;Landw. FZ Ind. Trak.;492
2023;Wasseramt;SO;Leichte Motorwagen;35562
2023;Wasseramt;SO;Motorräder;3829
2023;Wasseramt;SO;Schwere Motorwagen;59
2024;Bucheggberg;SO;Anhänger;837
2024;Bucheggberg;SO;Gewerbe FZ;127
2024;Bucheggberg;SO;Klein-Motorräder;24
2024;Bucheggberg;SO;Landw. FZ Ind. Trak.;703
2024;Bucheggberg;SO;Leichte Motorwagen;6286
2024;Bucheggberg;SO;Motorräder;936
2024;Bucheggberg;SO;Schwere Motorwagen;51
2024;Dorneck;SO;Anhänger;1332
2024;Dorneck;SO;Gewerbe FZ;127
2024;Dorneck;SO;Klein-Motorräder;53
2024;Dorneck;SO;Landw. FZ Ind. Trak.;759
2024;Dorneck;SO;Leichte Motorwagen;13452
2024;Dorneck;SO;Motorräder;2144
2024;Dorneck;SO;Schwere Motorwagen;220
2024;Gäu;SO;Anhänger;2162
2024;Gäu;SO;Gewerbe FZ;365
2024;Gäu;SO;Klein-Motorräder;275
2024;Gäu;SO;Landw. FZ Ind. Trak.;478
2024;Gäu;SO;Leichte Motorwagen;17446
2024;Gäu;SO;Motorräder;1587
2024;Gäu;SO;Schwere Motorwagen;888
2024;Gösgen;SO;Anhänger;1306
2024;Gösgen;SO;Gewerbe FZ;178
2024;Gösgen;SO;Klein-Motorräder;87
2024;Gösgen;SO;Landw. FZ Ind. Trak.;542
2024;Gösgen;SO;Leichte Motorwagen;15506
2024;Gösgen;SO;Motorräder;2224
2024;Gösgen;SO;Schwere Motorwagen;147
2024;Lebern;SO;Anhänger;2005
2024;Lebern;SO;Gewerbe FZ;333
2024;Lebern;SO;Klein-Motorräder;153
2024;Lebern;SO;Landw. FZ Ind. Trak.;669
2024;Lebern;SO;Leichte Motorwagen;30715
2024;Lebern;SO;Motorräder;3446
2024;Lebern;SO;Schwere Motorwagen;290
2024;Olten;SO;Anhänger;2628
2024;Olten;SO;Gewerbe FZ;464
2024;Olten;SO;Klein-Motorräder;140
2024;Olten;SO;Landw. FZ Ind. Trak.;568
2024;Olten;SO;Leichte Motorwagen;34842
2024;Olten;SO;Motorräder;4094
2024;Olten;SO;Schwere Motorwagen;913
2024;Solothurn;SO;Anhänger;561
2024;Solothurn;SO;Gewerbe FZ;187
2024;Solothurn;SO;Klein-Motorräder;33
2024;Solothurn;SO;Landw. FZ Ind. Trak.;36
2024;Solothurn;SO;Leichte Motorwagen;10289
2024;Solothurn;SO;Motorräder;889
2024;Solothurn;SO;Schwere Motorwagen;71
2024;Thal;SO;Anhänger;1453
2024;Thal;SO;Gewerbe FZ;188
2024;Thal;SO;Klein-Motorräder;48
2024;Thal;SO;Landw. FZ Ind. Trak.;870
2024;Thal;SO;Leichte Motorwagen;10737
2024;Thal;SO;Motorräder;1162
2024;Thal;SO;Schwere Motorwagen;152
2024;Thierstein;SO;Anhänger;1511
2024;Thierstein;SO;Gewerbe FZ;287
2024;Thierstein;SO;Klein-Motorräder;52
2024;Thierstein;SO;Landw. FZ Ind. Trak.;698
2024;Thierstein;SO;Leichte Motorwagen;10848
2024;Thierstein;SO;Motorräder;1717
2024;Thierstein;SO;Schwere Motorwagen;204
2024;Wasseramt;SO;Anhänger;2657
2024;Wasseramt;SO;Gewerbe FZ;399
2024;Wasseramt;SO;Klein-Motorräder;160
2024;Wasseramt;SO;Landw. FZ Ind. Trak.;768
2024;Wasseramt;SO;Leichte Motorwagen;35846
2024;Wasseramt;SO;Motorräder;4116
2024;Wasseramt;SO;Schwere Motorwagen;318
